day;hour;seller_member_name;imps_matched
11/8/2018;11/8/2018 16:00;FreeWheel SSP (3053);3022
11/8/2018;11/8/2018 17:00;FreeWheel SSP (3053);3045
11/8/2018;11/8/2018 18:00;FreeWheel SSP (3053);4096
11/8/2018;11/8/2018 19:00;FreeWheel SSP (3053);5982
11/8/2018;11/8/2018 20:00;FreeWheel SSP (3053);5950
11/8/2018;11/8/2018 21:00;FreeWheel SSP (3053);4938
11/8/2018;11/8/2018 22:00;FreeWheel SSP (3053);3986
11/8/2018;11/8/2018 23:00;FreeWheel SSP (3053);2594
11/9/2018;11/9/2018 0:00;FreeWheel SSP (3053);1459
11/9/2018;11/9/2018 1:00;FreeWheel SSP (3053);785
11/9/2018;11/9/2018 2:00;FreeWheel SSP (3053);440
11/9/2018;11/9/2018 3:00;FreeWheel SSP (3053);322
11/9/2018;11/9/2018 4:00;FreeWheel SSP (3053);308
11/9/2018;11/9/2018 5:00;FreeWheel SSP (3053);516
11/9/2018;11/9/2018 6:00;FreeWheel SSP (3053);1128
11/9/2018;11/9/2018 7:00;FreeWheel SSP (3053);1870
11/9/2018;11/9/2018 8:00;FreeWheel SSP (3053);2737
11/9/2018;11/9/2018 9:00;FreeWheel SSP (3053);1501
11/9/2018;11/9/2018 10:00;FreeWheel SSP (3053);3519
11/9/2018;11/9/2018 11:00;FreeWheel SSP (3053);3712
11/9/2018;11/9/2018 12:00;FreeWheel SSP (3053);4186
11/9/2018;11/9/2018 13:00;FreeWheel SSP (3053);3897
11/9/2018;11/9/2018 14:00;FreeWheel SSP (3053);3254
11/9/2018;11/9/2018 15:00;FreeWheel SSP (3053);3124
11/9/2018;11/9/2018 16:00;FreeWheel SSP (3053);3623
11/9/2018;11/9/2018 17:00;FreeWheel SSP (3053);4116
11/9/2018;11/9/2018 18:00;FreeWheel SSP (3053);4112
11/9/2018;11/9/2018 19:00;FreeWheel SSP (3053);6970
11/9/2018;11/9/2018 20:00;FreeWheel SSP (3053);4941
11/9/2018;11/9/2018 21:00;FreeWheel SSP (3053);3966
11/9/2018;11/9/2018 22:00;FreeWheel SSP (3053);3564
11/9/2018;11/9/2018 23:00;FreeWheel SSP (3053);2804
11/10/2018;11/10/2018 0:00;FreeWheel SSP (3053);1515
11/10/2018;11/10/2018 1:00;FreeWheel SSP (3053);912
11/10/2018;11/10/2018 2:00;FreeWheel SSP (3053);1116
11/10/2018;11/10/2018 3:00;FreeWheel SSP (3053);796
11/10/2018;11/10/2018 4:00;FreeWheel SSP (3053);760
11/10/2018;11/10/2018 5:00;FreeWheel SSP (3053);754
11/10/2018;11/10/2018 6:00;FreeWheel SSP (3053);1328
11/10/2018;11/10/2018 7:00;FreeWheel SSP (3053);2550
11/10/2018;11/10/2018 8:00;FreeWheel SSP (3053);4054
11/10/2018;11/10/2018 9:00;FreeWheel SSP (3053);4750
11/10/2018;11/10/2018 10:00;FreeWheel SSP (3053);5254
11/10/2018;11/10/2018 11:00;FreeWheel SSP (3053);5258
11/10/2018;11/10/2018 12:00;FreeWheel SSP (3053);5760
11/10/2018;11/10/2018 13:00;FreeWheel SSP (3053);8790
11/10/2018;11/10/2018 14:00;FreeWheel SSP (3053);5768
11/10/2018;11/10/2018 15:00;FreeWheel SSP (3053);5082
11/10/2018;11/10/2018 16:00;FreeWheel SSP (3053);5146
11/10/2018;11/10/2018 17:00;FreeWheel SSP (3053);6126
11/10/2018;11/10/2018 18:00;FreeWheel SSP (3053);7534
11/10/2018;11/10/2018 19:00;FreeWheel SSP (3053);11112
11/10/2018;11/10/2018 20:00;FreeWheel SSP (3053);8658
11/10/2018;11/10/2018 21:00;FreeWheel SSP (3053);7674
11/10/2018;11/10/2018 22:00;FreeWheel SSP (3053);6482
11/10/2018;11/10/2018 23:00;FreeWheel SSP (3053);4398
11/11/2018;11/11/2018 0:00;FreeWheel SSP (3053);3076
11/11/2018;11/11/2018 1:00;FreeWheel SSP (3053);1780
11/11/2018;11/11/2018 2:00;FreeWheel SSP (3053);1042
11/11/2018;11/11/2018 3:00;FreeWheel SSP (3053);738
11/11/2018;11/11/2018 4:00;FreeWheel SSP (3053);578
11/11/2018;11/11/2018 5:00;FreeWheel SSP (3053);624
11/11/2018;11/11/2018 6:00;FreeWheel SSP (3053);1022
11/11/2018;11/11/2018 7:00;FreeWheel SSP (3053);2116
11/11/2018;11/11/2018 8:00;FreeWheel SSP (3053);3818
11/11/2018;11/11/2018 9:00;FreeWheel SSP (3053);4960
11/11/2018;11/11/2018 10:00;FreeWheel SSP (3053);6980
11/11/2018;11/11/2018 11:00;FreeWheel SSP (3053);6032
11/11/2018;11/11/2018 12:00;FreeWheel SSP (3053);5998
11/11/2018;11/11/2018 13:00;FreeWheel SSP (3053);7078
11/11/2018;11/11/2018 14:00;FreeWheel SSP (3053);6728
11/11/2018;11/11/2018 15:00;FreeWheel SSP (3053);6338
11/11/2018;11/11/2018 16:00;FreeWheel SSP (3053);6988
11/11/2018;11/11/2018 17:00;FreeWheel SSP (3053);20008
11/11/2018;11/11/2018 18:00;FreeWheel SSP (3053);22698
11/11/2018;11/11/2018 19:00;FreeWheel SSP (3053);17750
11/11/2018;11/11/2018 20:00;FreeWheel SSP (3053);16938
11/11/2018;11/11/2018 21:00;FreeWheel SSP (3053);13774
11/11/2018;11/11/2018 22:00;FreeWheel SSP (3053);7860
11/11/2018;11/11/2018 23:00;FreeWheel SSP (3053);3212
11/12/2018;11/12/2018 0:00;FreeWheel SSP (3053);3386
11/12/2018;11/12/2018 1:00;FreeWheel SSP (3053);1886
11/12/2018;11/12/2018 2:00;FreeWheel SSP (3053);1222
11/12/2018;11/12/2018 3:00;FreeWheel SSP (3053);874
11/12/2018;11/12/2018 4:00;FreeWheel SSP (3053);912
11/12/2018;11/12/2018 5:00;FreeWheel SSP (3053);1388
11/12/2018;11/12/2018 6:00;FreeWheel SSP (3053);3066
11/12/2018;11/12/2018 7:00;FreeWheel SSP (3053);5080
11/12/2018;11/12/2018 8:00;FreeWheel SSP (3053);7688
11/12/2018;11/12/2018 9:00;FreeWheel SSP (3053);8962
11/12/2018;11/12/2018 10:00;FreeWheel SSP (3053);8308
11/12/2018;11/12/2018 11:00;FreeWheel SSP (3053);8658
11/12/2018;11/12/2018 12:00;FreeWheel SSP (3053);9636
11/12/2018;11/12/2018 13:00;FreeWheel SSP (3053);9336
11/12/2018;11/12/2018 14:00;FreeWheel SSP (3053);8484
11/12/2018;11/12/2018 15:00;FreeWheel SSP (3053);8322
11/12/2018;11/12/2018 16:00;FreeWheel SSP (3053);8086
11/12/2018;11/12/2018 17:00;FreeWheel SSP (3053);8666
11/12/2018;11/12/2018 18:00;FreeWheel SSP (3053);9778
11/12/2018;11/12/2018 19:00;FreeWheel SSP (3053);14154
11/12/2018;11/12/2018 20:00;FreeWheel SSP (3053);14348
11/12/2018;11/12/2018 21:00;FreeWheel SSP (3053);11978
11/12/2018;11/12/2018 22:00;FreeWheel SSP (3053);10388
11/12/2018;11/12/2018 23:00;FreeWheel SSP (3053);6460
11/13/2018;11/13/2018 0:00;FreeWheel SSP (3053);3102
11/13/2018;11/13/2018 1:00;FreeWheel SSP (3053);1758
11/13/2018;11/13/2018 2:00;FreeWheel SSP (3053);1036
11/13/2018;11/13/2018 3:00;FreeWheel SSP (3053);746
11/13/2018;11/13/2018 4:00;FreeWheel SSP (3053);682
11/13/2018;11/13/2018 5:00;FreeWheel SSP (3053);1042
11/13/2018;11/13/2018 6:00;FreeWheel SSP (3053);2490
11/13/2018;11/13/2018 7:00;FreeWheel SSP (3053);4304
11/13/2018;11/13/2018 8:00;FreeWheel SSP (3053);6066
11/13/2018;11/13/2018 9:00;FreeWheel SSP (3053);7068
11/13/2018;11/13/2018 10:00;FreeWheel SSP (3053);8622
11/13/2018;11/13/2018 11:00;FreeWheel SSP (3053);8254
11/13/2018;11/13/2018 12:00;FreeWheel SSP (3053);10860
11/13/2018;11/13/2018 13:00;FreeWheel SSP (3053);9294
11/13/2018;11/13/2018 14:00;FreeWheel SSP (3053);7958
11/13/2018;11/13/2018 15:00;FreeWheel SSP (3053);7522
11/13/2018;11/13/2018 16:00;FreeWheel SSP (3053);3602
11/13/2018;11/13/2018 17:00;FreeWheel SSP (3053);7598
11/13/2018;11/13/2018 18:00;FreeWheel SSP (3053);9168
11/13/2018;11/13/2018 19:00;FreeWheel SSP (3053);13190
11/13/2018;11/13/2018 20:00;FreeWheel SSP (3053);13382
11/13/2018;11/13/2018 21:00;FreeWheel SSP (3053);11756
11/13/2018;11/13/2018 22:00;FreeWheel SSP (3053);10546
11/13/2018;11/13/2018 23:00;FreeWheel SSP (3053);6906
11/14/2018;11/14/2018 0:00;FreeWheel SSP (3053);3462
11/14/2018;11/14/2018 1:00;FreeWheel SSP (3053);1786
11/14/2018;11/14/2018 2:00;FreeWheel SSP (3053);1150
11/14/2018;11/14/2018 3:00;FreeWheel SSP (3053);910
11/14/2018;11/14/2018 4:00;FreeWheel SSP (3053);930
11/14/2018;11/14/2018 5:00;FreeWheel SSP (3053);1198
11/14/2018;11/14/2018 6:00;FreeWheel SSP (3053);2716
11/14/2018;11/14/2018 7:00;FreeWheel SSP (3053);4180
11/14/2018;11/14/2018 8:00;FreeWheel SSP (3053);6542
11/14/2018;11/14/2018 9:00;FreeWheel SSP (3053);7060
11/14/2018;11/14/2018 10:00;FreeWheel SSP (3053);7016
11/14/2018;11/14/2018 11:00;FreeWheel SSP (3053);3658
11/14/2018;11/14/2018 12:00;FreeWheel SSP (3053);4221
11/14/2018;11/14/2018 13:00;FreeWheel SSP (3053);4484
11/14/2018;11/14/2018 14:00;FreeWheel SSP (3053);4153
11/14/2018;11/14/2018 15:00;FreeWheel SSP (3053);3812
11/14/2018;11/14/2018 16:00;FreeWheel SSP (3053);3767
11/14/2018;11/14/2018 17:00;FreeWheel SSP (3053);3797
11/14/2018;11/14/2018 18:00;FreeWheel SSP (3053);4183
11/14/2018;11/14/2018 19:00;FreeWheel SSP (3053);5717
11/14/2018;11/14/2018 20:00;FreeWheel SSP (3053);6734
11/14/2018;11/14/2018 21:00;FreeWheel SSP (3053);6410
11/14/2018;11/14/2018 22:00;FreeWheel SSP (3053);4993
11/14/2018;11/14/2018 23:00;FreeWheel SSP (3053);3012
11/15/2018;11/15/2018 0:00;FreeWheel SSP (3053);1508
11/15/2018;11/15/2018 1:00;FreeWheel SSP (3053);839
11/15/2018;11/15/2018 2:00;FreeWheel SSP (3053);477
11/15/2018;11/15/2018 3:00;FreeWheel SSP (3053);397
11/15/2018;11/15/2018 4:00;FreeWheel SSP (3053);391
11/15/2018;11/15/2018 5:00;FreeWheel SSP (3053);568
11/15/2018;11/15/2018 6:00;FreeWheel SSP (3053);1063
11/15/2018;11/15/2018 7:00;FreeWheel SSP (3053);1879
11/15/2018;11/15/2018 8:00;FreeWheel SSP (3053);2767
11/15/2018;11/15/2018 9:00;FreeWheel SSP (3053);3425
11/15/2018;11/15/2018 10:00;FreeWheel SSP (3053);3170
11/15/2018;11/15/2018 11:00;FreeWheel SSP (3053);3172
11/15/2018;11/15/2018 12:00;FreeWheel SSP (3053);3680
11/15/2018;11/15/2018 13:00;FreeWheel SSP (3053);3361
11/15/2018;11/15/2018 14:00;FreeWheel SSP (3053);3290
11/15/2018;11/15/2018 15:00;FreeWheel SSP (3053);3012
11/15/2018;11/15/2018 16:00;FreeWheel SSP (3053);3338
11/15/2018;11/15/2018 17:00;FreeWheel SSP (3053);3731
11/15/2018;11/15/2018 18:00;FreeWheel SSP (3053);4068
11/15/2018;11/15/2018 19:00;FreeWheel SSP (3053);6188
11/15/2018;11/15/2018 20:00;FreeWheel SSP (3053);9209
11/15/2018;11/15/2018 21:00;FreeWheel SSP (3053);8275
11/15/2018;11/15/2018 22:00;FreeWheel SSP (3053);5987
11/15/2018;11/15/2018 23:00;FreeWheel SSP (3053);3990
11/16/2018;11/16/2018 0:00;FreeWheel SSP (3053);2322
11/16/2018;11/16/2018 1:00;FreeWheel SSP (3053);1073
11/16/2018;11/16/2018 2:00;FreeWheel SSP (3053);736
11/16/2018;11/16/2018 3:00;FreeWheel SSP (3053);510
11/16/2018;11/16/2018 4:00;FreeWheel SSP (3053);579
11/16/2018;11/16/2018 5:00;FreeWheel SSP (3053);887
11/16/2018;11/16/2018 6:00;FreeWheel SSP (3053);2012
11/16/2018;11/16/2018 7:00;FreeWheel SSP (3053);3285
11/16/2018;11/16/2018 8:00;FreeWheel SSP (3053);4420
11/16/2018;11/16/2018 9:00;FreeWheel SSP (3053);4895
11/16/2018;11/16/2018 10:00;FreeWheel SSP (3053);4558
11/16/2018;11/16/2018 11:00;FreeWheel SSP (3053);4164
11/16/2018;11/16/2018 12:00;FreeWheel SSP (3053);5129
11/16/2018;11/16/2018 13:00;FreeWheel SSP (3053);1416
11/16/2018;11/16/2018 14:00;FreeWheel SSP (3053);3533
11/16/2018;11/16/2018 15:00;FreeWheel SSP (3053);3124
11/16/2018;11/16/2018 16:00;FreeWheel SSP (3053);3414
11/16/2018;11/16/2018 17:00;FreeWheel SSP (3053);3902
11/16/2018;11/16/2018 18:00;FreeWheel SSP (3053);4034
11/16/2018;11/16/2018 19:00;FreeWheel SSP (3053);4569
11/16/2018;11/16/2018 20:00;FreeWheel SSP (3053);5136
11/16/2018;11/16/2018 21:00;FreeWheel SSP (3053);5467
11/16/2018;11/16/2018 22:00;FreeWheel SSP (3053);3506
11/16/2018;11/16/2018 23:00;FreeWheel SSP (3053);2534
11/17/2018;11/17/2018 0:00;FreeWheel SSP (3053);1569
11/17/2018;11/17/2018 1:00;FreeWheel SSP (3053);878
11/17/2018;11/17/2018 2:00;FreeWheel SSP (3053);524
11/17/2018;11/17/2018 3:00;FreeWheel SSP (3053);355
11/17/2018;11/17/2018 4:00;FreeWheel SSP (3053);242
11/17/2018;11/17/2018 5:00;FreeWheel SSP (3053);429
11/17/2018;11/17/2018 6:00;FreeWheel SSP (3053);836
11/17/2018;11/17/2018 7:00;FreeWheel SSP (3053);1457
11/17/2018;11/17/2018 8:00;FreeWheel SSP (3053);2322
11/17/2018;11/17/2018 9:00;FreeWheel SSP (3053);3714
11/17/2018;11/17/2018 10:00;FreeWheel SSP (3053);3575
11/17/2018;11/17/2018 11:00;FreeWheel SSP (3053);3247
11/17/2018;11/17/2018 12:00;FreeWheel SSP (3053);3294
11/17/2018;11/17/2018 13:00;FreeWheel SSP (3053);3638
11/17/2018;11/17/2018 14:00;FreeWheel SSP (3053);3787
11/17/2018;11/17/2018 15:00;FreeWheel SSP (3053);3298
11/17/2018;11/17/2018 16:00;FreeWheel SSP (3053);3236
11/17/2018;11/17/2018 17:00;FreeWheel SSP (3053);3422
11/17/2018;11/17/2018 18:00;FreeWheel SSP (3053);3506
11/17/2018;11/17/2018 19:00;FreeWheel SSP (3053);4386
11/17/2018;11/17/2018 20:00;FreeWheel SSP (3053);4697
11/17/2018;11/17/2018 21:00;FreeWheel SSP (3053);4160
11/17/2018;11/17/2018 22:00;FreeWheel SSP (3053);5612
11/17/2018;11/17/2018 23:00;FreeWheel SSP (3053);3393
11/18/2018;11/18/2018 0:00;FreeWheel SSP (3053);1730
11/18/2018;11/18/2018 1:00;FreeWheel SSP (3053);1116
11/18/2018;11/18/2018 2:00;FreeWheel SSP (3053);578
11/18/2018;11/18/2018 3:00;FreeWheel SSP (3053);515
11/18/2018;11/18/2018 4:00;FreeWheel SSP (3053);404
11/18/2018;11/18/2018 5:00;FreeWheel SSP (3053);426
11/18/2018;11/18/2018 6:00;FreeWheel SSP (3053);640
11/18/2018;11/18/2018 7:00;FreeWheel SSP (3053);1579
11/18/2018;11/18/2018 8:00;FreeWheel SSP (3053);2824
11/18/2018;11/18/2018 9:00;FreeWheel SSP (3053);3438
11/18/2018;11/18/2018 10:00;FreeWheel SSP (3053);3546
11/18/2018;11/18/2018 11:00;FreeWheel SSP (3053);3052
11/18/2018;11/18/2018 12:00;FreeWheel SSP (3053);3061
11/18/2018;11/18/2018 13:00;FreeWheel SSP (3053);3705
11/18/2018;11/18/2018 14:00;FreeWheel SSP (3053);3447
11/18/2018;11/18/2018 15:00;FreeWheel SSP (3053);3150
11/18/2018;11/18/2018 16:00;FreeWheel SSP (3053);2974
11/18/2018;11/18/2018 17:00;FreeWheel SSP (3053);3149
11/18/2018;11/18/2018 18:00;FreeWheel SSP (3053);3610
11/18/2018;11/18/2018 19:00;FreeWheel SSP (3053);5245
11/18/2018;11/18/2018 20:00;FreeWheel SSP (3053);6842
11/18/2018;11/18/2018 21:00;FreeWheel SSP (3053);7224
11/18/2018;11/18/2018 22:00;FreeWheel SSP (3053);4934
11/18/2018;11/18/2018 23:00;FreeWheel SSP (3053);2733
11/19/2018;11/19/2018 0:00;FreeWheel SSP (3053);1536
11/19/2018;11/19/2018 1:00;FreeWheel SSP (3053);733
11/19/2018;11/19/2018 2:00;FreeWheel SSP (3053);460
11/19/2018;11/19/2018 3:00;FreeWheel SSP (3053);316
11/19/2018;11/19/2018 4:00;FreeWheel SSP (3053);309
11/19/2018;11/19/2018 5:00;FreeWheel SSP (3053);456
11/19/2018;11/19/2018 6:00;FreeWheel SSP (3053);1095
11/19/2018;11/19/2018 7:00;FreeWheel SSP (3053);2085
11/19/2018;11/19/2018 8:00;FreeWheel SSP (3053);2914
11/19/2018;11/19/2018 9:00;FreeWheel SSP (3053);3699
11/19/2018;11/19/2018 10:00;FreeWheel SSP (3053);3024
11/19/2018;11/19/2018 11:00;FreeWheel SSP (3053);46
11/19/2018;11/19/2018 12:00;FreeWheel SSP (3053);2450
11/19/2018;11/19/2018 13:00;FreeWheel SSP (3053);3161
11/19/2018;11/19/2018 14:00;FreeWheel SSP (3053);2564
11/19/2018;11/19/2018 15:00;FreeWheel SSP (3053);2446
11/19/2018;11/19/2018 16:00;FreeWheel SSP (3053);2637
11/19/2018;11/19/2018 17:00;FreeWheel SSP (3053);460
11/19/2018;11/19/2018 18:00;FreeWheel SSP (3053);1210
11/19/2018;11/19/2018 19:00;FreeWheel SSP (3053);1609
11/19/2018;11/19/2018 20:00;FreeWheel SSP (3053);3464
11/19/2018;11/19/2018 21:00;FreeWheel SSP (3053);3050
11/19/2018;11/19/2018 22:00;FreeWheel SSP (3053);1920
11/19/2018;11/19/2018 23:00;FreeWheel SSP (3053);1512
11/20/2018;11/20/2018 0:00;FreeWheel SSP (3053);815
11/20/2018;11/20/2018 1:00;FreeWheel SSP (3053);406
11/20/2018;11/20/2018 2:00;FreeWheel SSP (3053);248
11/20/2018;11/20/2018 3:00;FreeWheel SSP (3053);196
11/20/2018;11/20/2018 4:00;FreeWheel SSP (3053);165
11/20/2018;11/20/2018 5:00;FreeWheel SSP (3053);234
11/20/2018;11/20/2018 6:00;FreeWheel SSP (3053);455
11/20/2018;11/20/2018 7:00;FreeWheel SSP (3053);773
11/20/2018;11/20/2018 8:00;FreeWheel SSP (3053);1084
11/20/2018;11/20/2018 9:00;FreeWheel SSP (3053);1281
11/20/2018;11/20/2018 10:00;FreeWheel SSP (3053);1323
11/20/2018;11/20/2018 11:00;FreeWheel SSP (3053);1351
11/20/2018;11/20/2018 12:00;FreeWheel SSP (3053);2545
11/20/2018;11/20/2018 13:00;FreeWheel SSP (3053);2446
11/20/2018;11/20/2018 14:00;FreeWheel SSP (3053);2156
11/20/2018;11/20/2018 15:00;FreeWheel SSP (3053);2036
11/20/2018;11/20/2018 16:00;FreeWheel SSP (3053);2241
11/20/2018;11/20/2018 17:00;FreeWheel SSP (3053);2466
11/20/2018;11/20/2018 18:00;FreeWheel SSP (3053);2665
11/20/2018;11/20/2018 19:00;FreeWheel SSP (3053);3583
11/20/2018;11/20/2018 20:00;FreeWheel SSP (3053);3820
11/20/2018;11/20/2018 21:00;FreeWheel SSP (3053);2820
11/20/2018;11/20/2018 22:00;FreeWheel SSP (3053);2557
11/20/2018;11/20/2018 23:00;FreeWheel SSP (3053);1749
11/21/2018;11/21/2018 0:00;FreeWheel SSP (3053);960
11/21/2018;11/21/2018 1:00;FreeWheel SSP (3053);519
11/21/2018;11/21/2018 2:00;FreeWheel SSP (3053);344
11/21/2018;11/21/2018 3:00;FreeWheel SSP (3053);207
11/21/2018;11/21/2018 4:00;FreeWheel SSP (3053);209
11/21/2018;11/21/2018 5:00;FreeWheel SSP (3053);286
11/21/2018;11/21/2018 6:00;FreeWheel SSP (3053);789
11/21/2018;11/21/2018 7:00;FreeWheel SSP (3053);1202
11/21/2018;11/21/2018 8:00;FreeWheel SSP (3053);1821
11/21/2018;11/21/2018 9:00;FreeWheel SSP (3053);2543
11/21/2018;11/21/2018 10:00;FreeWheel SSP (3053);2705
11/21/2018;11/21/2018 11:00;FreeWheel SSP (3053);2773
11/21/2018;11/21/2018 12:00;FreeWheel SSP (3053);3450
11/21/2018;11/21/2018 13:00;FreeWheel SSP (3053);3889
11/21/2018;11/21/2018 14:00;FreeWheel SSP (3053);4157
11/21/2018;11/21/2018 15:00;FreeWheel SSP (3053);3697
11/21/2018;11/21/2018 16:00;FreeWheel SSP (3053);3530
11/21/2018;11/21/2018 17:00;FreeWheel SSP (3053);4225
11/21/2018;11/21/2018 18:00;FreeWheel SSP (3053);3871
11/21/2018;11/21/2018 19:00;FreeWheel SSP (3053);5018
11/21/2018;11/21/2018 20:00;FreeWheel SSP (3053);6441
11/21/2018;11/21/2018 21:00;FreeWheel SSP (3053);6326
11/21/2018;11/21/2018 22:00;FreeWheel SSP (3053);4499
11/21/2018;11/21/2018 23:00;FreeWheel SSP (3053);3167
11/22/2018;11/22/2018 0:00;FreeWheel SSP (3053);1533
11/22/2018;11/22/2018 1:00;FreeWheel SSP (3053);846
11/22/2018;11/22/2018 2:00;FreeWheel SSP (3053);506
11/22/2018;11/22/2018 3:00;FreeWheel SSP (3053);419
11/22/2018;11/22/2018 4:00;FreeWheel SSP (3053);363
11/22/2018;11/22/2018 5:00;FreeWheel SSP (3053);518
11/22/2018;11/22/2018 6:00;FreeWheel SSP (3053);1166
11/22/2018;11/22/2018 7:00;FreeWheel SSP (3053);1904
11/22/2018;11/22/2018 8:00;FreeWheel SSP (3053);2622
11/22/2018;11/22/2018 9:00;FreeWheel SSP (3053);2828
11/22/2018;11/22/2018 10:00;FreeWheel SSP (3053);2724
11/22/2018;11/22/2018 11:00;FreeWheel SSP (3053);3159
11/22/2018;11/22/2018 12:00;FreeWheel SSP (3053);4052
11/22/2018;11/22/2018 13:00;FreeWheel SSP (3053);3613
11/22/2018;11/22/2018 14:00;FreeWheel SSP (3053);3567
11/22/2018;11/22/2018 15:00;FreeWheel SSP (3053);3481
11/22/2018;11/22/2018 16:00;FreeWheel SSP (3053);3340
11/22/2018;11/22/2018 17:00;FreeWheel SSP (3053);4590
11/22/2018;11/22/2018 18:00;FreeWheel SSP (3053);5256
11/22/2018;11/22/2018 19:00;FreeWheel SSP (3053);6343
11/22/2018;11/22/2018 20:00;FreeWheel SSP (3053);6928
11/22/2018;11/22/2018 21:00;FreeWheel SSP (3053);6667
11/22/2018;11/22/2018 22:00;FreeWheel SSP (3053);5222
11/22/2018;11/22/2018 23:00;FreeWheel SSP (3053);3357
11/23/2018;11/23/2018 0:00;FreeWheel SSP (3053);1793
11/23/2018;11/23/2018 1:00;FreeWheel SSP (3053);948
11/23/2018;11/23/2018 2:00;FreeWheel SSP (3053);541
11/23/2018;11/23/2018 3:00;FreeWheel SSP (3053);430
11/23/2018;11/23/2018 4:00;FreeWheel SSP (3053);398
11/23/2018;11/23/2018 5:00;FreeWheel SSP (3053);546
11/23/2018;11/23/2018 6:00;FreeWheel SSP (3053);966
11/23/2018;11/23/2018 7:00;FreeWheel SSP (3053);1457
11/23/2018;11/23/2018 8:00;FreeWheel SSP (3053);2051
11/23/2018;11/23/2018 9:00;FreeWheel SSP (3053);1956
11/23/2018;11/23/2018 10:00;FreeWheel SSP (3053);2281
11/23/2018;11/23/2018 11:00;FreeWheel SSP (3053);2309
11/23/2018;11/23/2018 12:00;FreeWheel SSP (3053);2971
11/23/2018;11/23/2018 13:00;FreeWheel SSP (3053);2959
11/23/2018;11/23/2018 14:00;FreeWheel SSP (3053);3196
11/23/2018;11/23/2018 15:00;FreeWheel SSP (3053);3403
11/23/2018;11/23/2018 16:00;FreeWheel SSP (3053);4038
11/23/2018;11/23/2018 17:00;FreeWheel SSP (3053);3924
11/23/2018;11/23/2018 18:00;FreeWheel SSP (3053);3553
11/23/2018;11/23/2018 19:00;FreeWheel SSP (3053);4406
11/23/2018;11/23/2018 20:00;FreeWheel SSP (3053);4926
11/23/2018;11/23/2018 21:00;FreeWheel SSP (3053);4520
11/23/2018;11/23/2018 22:00;FreeWheel SSP (3053);3621
11/23/2018;11/23/2018 23:00;FreeWheel SSP (3053);2492
11/24/2018;11/24/2018 0:00;FreeWheel SSP (3053);1438
11/24/2018;11/24/2018 1:00;FreeWheel SSP (3053);781
11/24/2018;11/24/2018 2:00;FreeWheel SSP (3053);485
11/24/2018;11/24/2018 3:00;FreeWheel SSP (3053);332
11/24/2018;11/24/2018 4:00;FreeWheel SSP (3053);287
11/24/2018;11/24/2018 5:00;FreeWheel SSP (3053);319
11/24/2018;11/24/2018 6:00;FreeWheel SSP (3053);491
11/24/2018;11/24/2018 7:00;FreeWheel SSP (3053);855
11/24/2018;11/24/2018 8:00;FreeWheel SSP (3053);1336
11/24/2018;11/24/2018 9:00;FreeWheel SSP (3053);1803
11/24/2018;11/24/2018 10:00;FreeWheel SSP (3053);1780
11/24/2018;11/24/2018 11:00;FreeWheel SSP (3053);1767
11/24/2018;11/24/2018 12:00;FreeWheel SSP (3053);2377
11/24/2018;11/24/2018 13:00;FreeWheel SSP (3053);2681
11/24/2018;11/24/2018 14:00;FreeWheel SSP (3053);3162
11/24/2018;11/24/2018 15:00;FreeWheel SSP (3053);2144
11/24/2018;11/24/2018 16:00;FreeWheel SSP (3053);2441
11/24/2018;11/24/2018 17:00;FreeWheel SSP (3053);2259
11/24/2018;11/24/2018 18:00;FreeWheel SSP (3053);2325
11/24/2018;11/24/2018 19:00;FreeWheel SSP (3053);3074
11/24/2018;11/24/2018 20:00;FreeWheel SSP (3053);3508
11/24/2018;11/24/2018 21:00;FreeWheel SSP (3053);3181
11/24/2018;11/24/2018 22:00;FreeWheel SSP (3053);2853
11/24/2018;11/24/2018 23:00;FreeWheel SSP (3053);1667
11/25/2018;11/25/2018 0:00;FreeWheel SSP (3053);1355
11/25/2018;11/25/2018 1:00;FreeWheel SSP (3053);738
11/25/2018;11/25/2018 2:00;FreeWheel SSP (3053);477
11/25/2018;11/25/2018 3:00;FreeWheel SSP (3053);329
11/25/2018;11/25/2018 4:00;FreeWheel SSP (3053);290
11/25/2018;11/25/2018 5:00;FreeWheel SSP (3053);287
11/25/2018;11/25/2018 6:00;FreeWheel SSP (3053);418
11/25/2018;11/25/2018 7:00;FreeWheel SSP (3053);737
11/25/2018;11/25/2018 8:00;FreeWheel SSP (3053);1135
11/25/2018;11/25/2018 9:00;FreeWheel SSP (3053);1644
11/25/2018;11/25/2018 10:00;FreeWheel SSP (3053);1895
11/25/2018;11/25/2018 11:00;FreeWheel SSP (3053);1932
11/25/2018;11/25/2018 12:00;FreeWheel SSP (3053);1962
11/25/2018;11/25/2018 13:00;FreeWheel SSP (3053);2470
11/25/2018;11/25/2018 14:00;FreeWheel SSP (3053);4482
11/25/2018;11/25/2018 15:00;FreeWheel SSP (3053);4051
11/25/2018;11/25/2018 16:00;FreeWheel SSP (3053);2741
11/25/2018;11/25/2018 17:00;FreeWheel SSP (3053);2963
11/25/2018;11/25/2018 18:00;FreeWheel SSP (3053);3453
11/25/2018;11/25/2018 19:00;FreeWheel SSP (3053);4123
11/25/2018;11/25/2018 20:00;FreeWheel SSP (3053);4597
11/25/2018;11/25/2018 21:00;FreeWheel SSP (3053);4411
11/25/2018;11/25/2018 22:00;FreeWheel SSP (3053);2324
11/25/2018;11/25/2018 23:00;FreeWheel SSP (3053);181
11/26/2018;11/26/2018 0:00;FreeWheel SSP (3053);1163
11/26/2018;11/26/2018 1:00;FreeWheel SSP (3053);686
11/26/2018;11/26/2018 2:00;FreeWheel SSP (3053);421
11/26/2018;11/26/2018 3:00;FreeWheel SSP (3053);364
11/26/2018;11/26/2018 4:00;FreeWheel SSP (3053);304
11/26/2018;11/26/2018 5:00;FreeWheel SSP (3053);393
11/26/2018;11/26/2018 6:00;FreeWheel SSP (3053);808
11/26/2018;11/26/2018 7:00;FreeWheel SSP (3053);1517
11/26/2018;11/26/2018 8:00;FreeWheel SSP (3053);2078
11/26/2018;11/26/2018 9:00;FreeWheel SSP (3053);2521
11/26/2018;11/26/2018 10:00;FreeWheel SSP (3053);2629
11/26/2018;11/26/2018 11:00;FreeWheel SSP (3053);3301
11/26/2018;11/26/2018 12:00;FreeWheel SSP (3053);4086
11/26/2018;11/26/2018 13:00;FreeWheel SSP (3053);4038
11/26/2018;11/26/2018 14:00;FreeWheel SSP (3053);3539
11/26/2018;11/26/2018 15:00;FreeWheel SSP (3053);3280
11/26/2018;11/26/2018 16:00;FreeWheel SSP (3053);3245
11/26/2018;11/26/2018 17:00;FreeWheel SSP (3053);3632
11/26/2018;11/26/2018 18:00;FreeWheel SSP (3053);3774
11/26/2018;11/26/2018 19:00;FreeWheel SSP (3053);5487
11/26/2018;11/26/2018 20:00;FreeWheel SSP (3053);6275
11/26/2018;11/26/2018 21:00;FreeWheel SSP (3053);5553
11/26/2018;11/26/2018 22:00;FreeWheel SSP (3053);4062
11/26/2018;11/26/2018 23:00;FreeWheel SSP (3053);2558
11/27/2018;11/27/2018 0:00;FreeWheel SSP (3053);1433
11/27/2018;11/27/2018 1:00;FreeWheel SSP (3053);688
11/27/2018;11/27/2018 2:00;FreeWheel SSP (3053);440
11/27/2018;11/27/2018 3:00;FreeWheel SSP (3053);345
11/27/2018;11/27/2018 4:00;FreeWheel SSP (3053);342
11/27/2018;11/27/2018 5:00;FreeWheel SSP (3053);473
11/27/2018;11/27/2018 6:00;FreeWheel SSP (3053);958
11/27/2018;11/27/2018 7:00;FreeWheel SSP (3053);1481
11/27/2018;11/27/2018 8:00;FreeWheel SSP (3053);2262
11/27/2018;11/27/2018 9:00;FreeWheel SSP (3053);2572
11/27/2018;11/27/2018 10:00;FreeWheel SSP (3053);1754
11/27/2018;11/27/2018 11:00;FreeWheel SSP (3053);2782
11/27/2018;11/27/2018 12:00;FreeWheel SSP (3053);3760
11/27/2018;11/27/2018 13:00;FreeWheel SSP (3053);3528
11/27/2018;11/27/2018 14:00;FreeWheel SSP (3053);2869
11/27/2018;11/27/2018 15:00;FreeWheel SSP (3053);2666
11/27/2018;11/27/2018 16:00;FreeWheel SSP (3053);2967
11/27/2018;11/27/2018 17:00;FreeWheel SSP (3053);3612
11/27/2018;11/27/2018 18:00;FreeWheel SSP (3053);3864
11/27/2018;11/27/2018 19:00;FreeWheel SSP (3053);5319
11/27/2018;11/27/2018 20:00;FreeWheel SSP (3053);5394
11/27/2018;11/27/2018 21:00;FreeWheel SSP (3053);4952
11/27/2018;11/27/2018 22:00;FreeWheel SSP (3053);4255
11/27/2018;11/27/2018 23:00;FreeWheel SSP (3053);2500
11/28/2018;11/28/2018 0:00;FreeWheel SSP (3053);1407
11/28/2018;11/28/2018 1:00;FreeWheel SSP (3053);684
11/28/2018;11/28/2018 2:00;FreeWheel SSP (3053);395
11/28/2018;11/28/2018 3:00;FreeWheel SSP (3053);295
11/28/2018;11/28/2018 4:00;FreeWheel SSP (3053);316
11/28/2018;11/28/2018 5:00;FreeWheel SSP (3053);473
11/28/2018;11/28/2018 6:00;FreeWheel SSP (3053);829
11/28/2018;11/28/2018 7:00;FreeWheel SSP (3053);1529
11/28/2018;11/28/2018 8:00;FreeWheel SSP (3053);2241
11/28/2018;11/28/2018 9:00;FreeWheel SSP (3053);3020
11/28/2018;11/28/2018 10:00;FreeWheel SSP (3053);2975
11/28/2018;11/28/2018 11:00;FreeWheel SSP (3053);2921
11/28/2018;11/28/2018 12:00;FreeWheel SSP (3053);3833
11/28/2018;11/28/2018 13:00;FreeWheel SSP (3053);4098
11/28/2018;11/28/2018 14:00;FreeWheel SSP (3053);3738
11/28/2018;11/28/2018 15:00;FreeWheel SSP (3053);3580
11/28/2018;11/28/2018 16:00;FreeWheel SSP (3053);3658
11/28/2018;11/28/2018 17:00;FreeWheel SSP (3053);4296
11/28/2018;11/28/2018 18:00;FreeWheel SSP (3053);4352
11/28/2018;11/28/2018 19:00;FreeWheel SSP (3053);3506
11/28/2018;11/28/2018 20:00;FreeWheel SSP (3053);3479
11/28/2018;11/28/2018 21:00;FreeWheel SSP (3053);3260
11/28/2018;11/28/2018 22:00;FreeWheel SSP (3053);2452
11/28/2018;11/28/2018 23:00;FreeWheel SSP (3053);1794
11/29/2018;11/29/2018 0:00;FreeWheel SSP (3053);975
11/29/2018;11/29/2018 1:00;FreeWheel SSP (3053);491
11/29/2018;11/29/2018 2:00;FreeWheel SSP (3053);303
11/29/2018;11/29/2018 3:00;FreeWheel SSP (3053);251
11/29/2018;11/29/2018 4:00;FreeWheel SSP (3053);257
11/29/2018;11/29/2018 5:00;FreeWheel SSP (3053);302
11/29/2018;11/29/2018 6:00;FreeWheel SSP (3053);658
11/29/2018;11/29/2018 7:00;FreeWheel SSP (3053);1179
11/29/2018;11/29/2018 8:00;FreeWheel SSP (3053);1602
11/29/2018;11/29/2018 9:00;FreeWheel SSP (3053);2068
11/29/2018;11/29/2018 10:00;FreeWheel SSP (3053);2524
11/29/2018;11/29/2018 11:00;FreeWheel SSP (3053);2830
11/29/2018;11/29/2018 12:00;FreeWheel SSP (3053);3572
11/29/2018;11/29/2018 13:00;FreeWheel SSP (3053);3033
11/29/2018;11/29/2018 14:00;FreeWheel SSP (3053);972
11/29/2018;11/29/2018 15:00;FreeWheel SSP (3053);902
11/29/2018;11/29/2018 16:00;FreeWheel SSP (3053);944
11/29/2018;11/29/2018 17:00;FreeWheel SSP (3053);1074
11/29/2018;11/29/2018 18:00;FreeWheel SSP (3053);970
11/29/2018;11/29/2018 19:00;FreeWheel SSP (3053);3145
11/29/2018;11/29/2018 20:00;FreeWheel SSP (3053);4639
11/29/2018;11/29/2018 21:00;FreeWheel SSP (3053);4889
11/29/2018;11/29/2018 22:00;FreeWheel SSP (3053);4435
11/29/2018;11/29/2018 23:00;FreeWheel SSP (3053);3234
11/30/2018;11/30/2018 0:00;FreeWheel SSP (3053);1687
11/30/2018;11/30/2018 1:00;FreeWheel SSP (3053);891
11/30/2018;11/30/2018 2:00;FreeWheel SSP (3053);465
11/30/2018;11/30/2018 3:00;FreeWheel SSP (3053);348
11/30/2018;11/30/2018 4:00;FreeWheel SSP (3053);411
11/30/2018;11/30/2018 5:00;FreeWheel SSP (3053);564
11/30/2018;11/30/2018 6:00;FreeWheel SSP (3053);1149
11/30/2018;11/30/2018 7:00;FreeWheel SSP (3053);1862
11/30/2018;11/30/2018 8:00;FreeWheel SSP (3053);2595
11/30/2018;11/30/2018 9:00;FreeWheel SSP (3053);2901
11/30/2018;11/30/2018 10:00;FreeWheel SSP (3053);2734
11/30/2018;11/30/2018 11:00;FreeWheel SSP (3053);2607
11/30/2018;11/30/2018 12:00;FreeWheel SSP (3053);4781
11/30/2018;11/30/2018 13:00;FreeWheel SSP (3053);4190
11/30/2018;11/30/2018 14:00;FreeWheel SSP (3053);3084
11/30/2018;11/30/2018 15:00;FreeWheel SSP (3053);4640
11/30/2018;11/30/2018 16:00;FreeWheel SSP (3053);7802
11/30/2018;11/30/2018 17:00;FreeWheel SSP (3053);6713
11/30/2018;11/30/2018 18:00;FreeWheel SSP (3053);306
11/30/2018;11/30/2018 19:00;FreeWheel SSP (3053);4584
11/30/2018;11/30/2018 20:00;FreeWheel SSP (3053);4363
11/30/2018;11/30/2018 21:00;FreeWheel SSP (3053);3506
11/30/2018;11/30/2018 22:00;FreeWheel SSP (3053);2588
11/30/2018;11/30/2018 23:00;FreeWheel SSP (3053);1084
12/1/2018;12/1/2018 0:00;FreeWheel SSP (3053);1820
12/1/2018;12/1/2018 1:00;FreeWheel SSP (3053);1222
12/1/2018;12/1/2018 2:00;FreeWheel SSP (3053);641
12/1/2018;12/1/2018 3:00;FreeWheel SSP (3053);492
12/1/2018;12/1/2018 4:00;FreeWheel SSP (3053);433
12/1/2018;12/1/2018 5:00;FreeWheel SSP (3053);335
12/1/2018;12/1/2018 6:00;FreeWheel SSP (3053);534
12/1/2018;12/1/2018 7:00;FreeWheel SSP (3053);1043
12/1/2018;12/1/2018 8:00;FreeWheel SSP (3053);1697
12/1/2018;12/1/2018 9:00;FreeWheel SSP (3053);1990
12/1/2018;12/1/2018 10:00;FreeWheel SSP (3053);1931
12/1/2018;12/1/2018 11:00;FreeWheel SSP (3053);2134
12/1/2018;12/1/2018 12:00;FreeWheel SSP (3053);2360
12/1/2018;12/1/2018 13:00;FreeWheel SSP (3053);2712
12/1/2018;12/1/2018 14:00;FreeWheel SSP (3053);2532
12/1/2018;12/1/2018 15:00;FreeWheel SSP (3053);2619
12/1/2018;12/1/2018 16:00;FreeWheel SSP (3053);2235
12/1/2018;12/1/2018 17:00;FreeWheel SSP (3053);2500
12/1/2018;12/1/2018 18:00;FreeWheel SSP (3053);2805
12/1/2018;12/1/2018 19:00;FreeWheel SSP (3053);3667
12/1/2018;12/1/2018 20:00;FreeWheel SSP (3053);4151
12/1/2018;12/1/2018 21:00;FreeWheel SSP (3053);4045
12/1/2018;12/1/2018 22:00;FreeWheel SSP (3053);3654
12/1/2018;12/1/2018 23:00;FreeWheel SSP (3053);2760
12/2/2018;12/2/2018 0:00;FreeWheel SSP (3053);1854
12/2/2018;12/2/2018 1:00;FreeWheel SSP (3053);1157
12/2/2018;12/2/2018 2:00;FreeWheel SSP (3053);651
12/2/2018;12/2/2018 3:00;FreeWheel SSP (3053);425
12/2/2018;12/2/2018 4:00;FreeWheel SSP (3053);364
12/2/2018;12/2/2018 5:00;FreeWheel SSP (3053);370
12/2/2018;12/2/2018 6:00;FreeWheel SSP (3053);513
12/2/2018;12/2/2018 7:00;FreeWheel SSP (3053);976
12/2/2018;12/2/2018 8:00;FreeWheel SSP (3053);1708
12/2/2018;12/2/2018 9:00;FreeWheel SSP (3053);2536
12/2/2018;12/2/2018 10:00;FreeWheel SSP (3053);2914
12/2/2018;12/2/2018 11:00;FreeWheel SSP (3053);4411
12/2/2018;12/2/2018 12:00;FreeWheel SSP (3053);9966
12/2/2018;12/2/2018 13:00;FreeWheel SSP (3053);3261
12/2/2018;12/2/2018 14:00;FreeWheel SSP (3053);2611
12/2/2018;12/2/2018 15:00;FreeWheel SSP (3053);3099
12/2/2018;12/2/2018 16:00;FreeWheel SSP (3053);3077
12/2/2018;12/2/2018 17:00;FreeWheel SSP (3053);2895
12/2/2018;12/2/2018 18:00;FreeWheel SSP (3053);3592
12/2/2018;12/2/2018 19:00;FreeWheel SSP (3053);6024
12/2/2018;12/2/2018 20:00;FreeWheel SSP (3053);6754
12/2/2018;12/2/2018 21:00;FreeWheel SSP (3053);6084
12/2/2018;12/2/2018 22:00;FreeWheel SSP (3053);4503
12/2/2018;12/2/2018 23:00;FreeWheel SSP (3053);2577
12/3/2018;12/3/2018 0:00;FreeWheel SSP (3053);1230
12/3/2018;12/3/2018 1:00;FreeWheel SSP (3053);518
12/3/2018;12/3/2018 2:00;FreeWheel SSP (3053);283
12/3/2018;12/3/2018 3:00;FreeWheel SSP (3053);176
12/3/2018;12/3/2018 4:00;FreeWheel SSP (3053);121
12/3/2018;12/3/2018 5:00;FreeWheel SSP (3053);179
12/3/2018;12/3/2018 6:00;FreeWheel SSP (3053);355
12/3/2018;12/3/2018 7:00;FreeWheel SSP (3053);671
12/3/2018;12/3/2018 8:00;FreeWheel SSP (3053);1297
12/3/2018;12/3/2018 9:00;FreeWheel SSP (3053);2166
12/3/2018;12/3/2018 10:00;FreeWheel SSP (3053);2726
12/3/2018;12/3/2018 11:00;FreeWheel SSP (3053);2780
12/3/2018;12/3/2018 12:00;FreeWheel SSP (3053);3450
12/3/2018;12/3/2018 13:00;FreeWheel SSP (3053);2546
12/3/2018;12/3/2018 14:00;FreeWheel SSP (3053);2836
12/3/2018;12/3/2018 15:00;FreeWheel SSP (3053);2969
12/3/2018;12/3/2018 16:00;FreeWheel SSP (3053);3400
12/3/2018;12/3/2018 17:00;FreeWheel SSP (3053);3436
12/3/2018;12/3/2018 18:00;FreeWheel SSP (3053);3798
12/3/2018;12/3/2018 19:00;FreeWheel SSP (3053);6048
12/3/2018;12/3/2018 20:00;FreeWheel SSP (3053);5721
12/3/2018;12/3/2018 21:00;FreeWheel SSP (3053);5082
12/3/2018;12/3/2018 22:00;FreeWheel SSP (3053);4037
12/3/2018;12/3/2018 23:00;FreeWheel SSP (3053);2555
12/4/2018;12/4/2018 0:00;FreeWheel SSP (3053);1420
12/4/2018;12/4/2018 1:00;FreeWheel SSP (3053);664
12/4/2018;12/4/2018 2:00;FreeWheel SSP (3053);451
12/4/2018;12/4/2018 3:00;FreeWheel SSP (3053);306
12/4/2018;12/4/2018 4:00;FreeWheel SSP (3053);304
12/4/2018;12/4/2018 5:00;FreeWheel SSP (3053);401
12/4/2018;12/4/2018 6:00;FreeWheel SSP (3053);822
12/4/2018;12/4/2018 7:00;FreeWheel SSP (3053);1436
12/4/2018;12/4/2018 8:00;FreeWheel SSP (3053);2066
12/4/2018;12/4/2018 9:00;FreeWheel SSP (3053);2901
12/4/2018;12/4/2018 10:00;FreeWheel SSP (3053);3763
12/4/2018;12/4/2018 11:00;FreeWheel SSP (3053);3125
12/4/2018;12/4/2018 12:00;FreeWheel SSP (3053);4203
12/4/2018;12/4/2018 13:00;FreeWheel SSP (3053);3730
12/4/2018;12/4/2018 14:00;FreeWheel SSP (3053);3204
12/4/2018;12/4/2018 15:00;FreeWheel SSP (3053);2934
12/4/2018;12/4/2018 16:00;FreeWheel SSP (3053);2970
12/4/2018;12/4/2018 17:00;FreeWheel SSP (3053);3245
12/4/2018;12/4/2018 18:00;FreeWheel SSP (3053);3384
12/4/2018;12/4/2018 19:00;FreeWheel SSP (3053);5583
12/4/2018;12/4/2018 20:00;FreeWheel SSP (3053);6333
12/4/2018;12/4/2018 21:00;FreeWheel SSP (3053);5433
12/4/2018;12/4/2018 22:00;FreeWheel SSP (3053);4712
12/4/2018;12/4/2018 23:00;FreeWheel SSP (3053);3219
12/5/2018;12/5/2018 0:00;FreeWheel SSP (3053);1892
12/5/2018;12/5/2018 1:00;FreeWheel SSP (3053);690
12/5/2018;12/5/2018 2:00;FreeWheel SSP (3053);265
12/5/2018;12/5/2018 3:00;FreeWheel SSP (3053);335
12/5/2018;12/5/2018 4:00;FreeWheel SSP (3053);326
12/5/2018;12/5/2018 5:00;FreeWheel SSP (3053);436
12/5/2018;12/5/2018 6:00;FreeWheel SSP (3053);878
12/5/2018;12/5/2018 7:00;FreeWheel SSP (3053);1547
12/5/2018;12/5/2018 8:00;FreeWheel SSP (3053);2252
12/5/2018;12/5/2018 9:00;FreeWheel SSP (3053);3502
12/5/2018;12/5/2018 10:00;FreeWheel SSP (3053);5412
12/5/2018;12/5/2018 11:00;FreeWheel SSP (3053);4083
12/5/2018;12/5/2018 12:00;FreeWheel SSP (3053);3792
12/5/2018;12/5/2018 13:00;FreeWheel SSP (3053);4511
12/5/2018;12/5/2018 14:00;FreeWheel SSP (3053);80
12/5/2018;12/5/2018 15:00;FreeWheel SSP (3053);2890
12/5/2018;12/5/2018 16:00;FreeWheel SSP (3053);5158
12/5/2018;12/5/2018 17:00;FreeWheel SSP (3053);3701
12/5/2018;12/5/2018 18:00;FreeWheel SSP (3053);3728
12/5/2018;12/5/2018 19:00;FreeWheel SSP (3053);5171
12/5/2018;12/5/2018 20:00;FreeWheel SSP (3053);5636
12/5/2018;12/5/2018 21:00;FreeWheel SSP (3053);5458
12/5/2018;12/5/2018 22:00;FreeWheel SSP (3053);4274
12/5/2018;12/5/2018 23:00;FreeWheel SSP (3053);2967
12/6/2018;12/6/2018 0:00;FreeWheel SSP;842
12/6/2018;12/6/2018 1:00;FreeWheel SSP;499
12/6/2018;12/6/2018 2:00;FreeWheel SSP;366
12/6/2018;12/6/2018 3:00;FreeWheel SSP;330
12/6/2018;12/6/2018 4:00;FreeWheel SSP;531
12/6/2018;12/6/2018 5:00;FreeWheel SSP;23
12/6/2018;12/6/2018 6:00;FreeWheel SSP;1720
12/6/2018;12/6/2018 7:00;FreeWheel SSP;2317
12/6/2018;12/6/2018 8:00;FreeWheel SSP;2932
12/6/2018;12/6/2018 9:00;FreeWheel SSP;34
12/6/2018;12/6/2018 10:00;FreeWheel SSP;3831
12/6/2018;12/6/2018 11:00;FreeWheel SSP;4416
12/6/2018;12/6/2018 12:00;FreeWheel SSP;4189
12/6/2018;12/6/2018 13:00;FreeWheel SSP;3577
12/6/2018;12/6/2018 14:00;FreeWheel SSP;3379
12/6/2018;12/6/2018 15:00;FreeWheel SSP;3976
12/6/2018;12/6/2018 16:00;FreeWheel SSP;6958
12/6/2018;12/6/2018 17:00;FreeWheel SSP;5193
12/6/2018;12/6/2018 18:00;FreeWheel SSP;6508
12/6/2018;12/6/2018 19:00;FreeWheel SSP;8727
12/6/2018;12/6/2018 20:00;FreeWheel SSP;7940
12/6/2018;12/6/2018 21:00;FreeWheel SSP;5677
12/6/2018;12/6/2018 22:00;FreeWheel SSP;2921
12/6/2018;12/6/2018 23:00;FreeWheel SSP;17
12/7/2018;12/7/2018 0:00;FreeWheel SSP;867
12/7/2018;12/7/2018 1:00;FreeWheel SSP;36
12/7/2018;12/7/2018 2:00;FreeWheel SSP;384
12/7/2018;12/7/2018 3:00;FreeWheel SSP;356
12/7/2018;12/7/2018 4:00;FreeWheel SSP;458
12/7/2018;12/7/2018 5:00;FreeWheel SSP;35
12/7/2018;12/7/2018 6:00;FreeWheel SSP;1560
12/7/2018;12/7/2018 7:00;FreeWheel SSP;2131
12/7/2018;12/7/2018 8:00;FreeWheel SSP;2851
12/7/2018;12/7/2018 9:00;FreeWheel SSP;59
12/7/2018;12/7/2018 10:00;FreeWheel SSP;2861
12/7/2018;12/7/2018 11:00;FreeWheel SSP;3426
12/7/2018;12/7/2018 12:00;FreeWheel SSP;1077
12/7/2018;12/7/2018 13:00;FreeWheel SSP;1999
12/7/2018;12/7/2018 14:00;FreeWheel SSP;575
12/7/2018;12/7/2018 15:00;FreeWheel SSP;2707
12/7/2018;12/7/2018 16:00;FreeWheel SSP;2721
12/7/2018;12/7/2018 17:00;FreeWheel SSP;82
12/7/2018;12/7/2018 18:00;FreeWheel SSP;3313
12/7/2018;12/7/2018 19:00;FreeWheel SSP;3405
12/7/2018;12/7/2018 20:00;FreeWheel SSP;3135
12/7/2018;12/7/2018 21:00;FreeWheel SSP;2046
12/7/2018;12/7/2018 22:00;FreeWheel SSP;1378
12/7/2018;12/7/2018 23:00;FreeWheel SSP;1931
12/8/2018;12/8/2018 0:00;FreeWheel SSP;989
12/8/2018;12/8/2018 1:00;FreeWheel SSP;714
12/8/2018;12/8/2018 2:00;FreeWheel SSP;485
12/8/2018;12/8/2018 3:00;FreeWheel SSP;446
12/8/2018;12/8/2018 4:00;FreeWheel SSP;515
12/8/2018;12/8/2018 5:00;FreeWheel SSP;65
12/8/2018;12/8/2018 6:00;FreeWheel SSP;210
12/8/2018;12/8/2018 7:00;FreeWheel SSP;181
12/8/2018;12/8/2018 8:00;FreeWheel SSP;242
12/8/2018;12/8/2018 9:00;FreeWheel SSP;2757
12/8/2018;12/8/2018 10:00;FreeWheel SSP;2897
12/8/2018;12/8/2018 11:00;FreeWheel SSP;3783
12/8/2018;12/8/2018 12:00;FreeWheel SSP;5484
12/8/2018;12/8/2018 13:00;FreeWheel SSP;4701
12/8/2018;12/8/2018 14:00;FreeWheel SSP;4375
12/8/2018;12/8/2018 15:00;FreeWheel SSP;4237
12/8/2018;12/8/2018 16:00;FreeWheel SSP;5411
12/8/2018;12/8/2018 17:00;FreeWheel SSP;131
12/8/2018;12/8/2018 18:00;FreeWheel SSP;6434
12/8/2018;12/8/2018 19:00;FreeWheel SSP;6853
12/8/2018;12/8/2018 20:00;FreeWheel SSP;9128
12/8/2018;12/8/2018 21:00;FreeWheel SSP;8861
12/8/2018;12/8/2018 22:00;FreeWheel SSP;5400
12/8/2018;12/8/2018 23:00;FreeWheel SSP;3184
12/9/2018;12/9/2018 0:00;FreeWheel SSP;1634
12/9/2018;12/9/2018 1:00;FreeWheel SSP;945
12/9/2018;12/9/2018 2:00;FreeWheel SSP;610
12/9/2018;12/9/2018 3:00;FreeWheel SSP;508
12/9/2018;12/9/2018 4:00;FreeWheel SSP;512
12/9/2018;12/9/2018 5:00;FreeWheel SSP;720
12/9/2018;12/9/2018 6:00;FreeWheel SSP;1336
12/9/2018;12/9/2018 7:00;FreeWheel SSP;2350
12/9/2018;12/9/2018 8:00;FreeWheel SSP;3583
12/9/2018;12/9/2018 9:00;FreeWheel SSP;4376
12/9/2018;12/9/2018 10:00;FreeWheel SSP;4440
12/9/2018;12/9/2018 11:00;FreeWheel SSP;4151
12/9/2018;12/9/2018 12:00;FreeWheel SSP;4957
12/9/2018;12/9/2018 13:00;FreeWheel SSP;4237
12/9/2018;12/9/2018 14:00;FreeWheel SSP;3950
12/9/2018;12/9/2018 15:00;FreeWheel SSP;4365
12/9/2018;12/9/2018 16:00;FreeWheel SSP;4097
12/9/2018;12/9/2018 17:00;FreeWheel SSP;4883
12/9/2018;12/9/2018 18:00;FreeWheel SSP;6524
12/9/2018;12/9/2018 19:00;FreeWheel SSP;6588
12/9/2018;12/9/2018 20:00;FreeWheel SSP;6148
12/9/2018;12/9/2018 21:00;FreeWheel SSP;5212
12/9/2018;12/9/2018 22:00;FreeWheel SSP;3392
12/9/2018;12/9/2018 23:00;FreeWheel SSP;1735
12/10/2018;12/10/2018 0:00;FreeWheel SSP;955
12/10/2018;12/10/2018 1:00;FreeWheel SSP;503
12/10/2018;12/10/2018 2:00;FreeWheel SSP;399
12/10/2018;12/10/2018 3:00;FreeWheel SSP;368
12/10/2018;12/10/2018 4:00;FreeWheel SSP;502
12/10/2018;12/10/2018 5:00;FreeWheel SSP;967
12/10/2018;12/10/2018 6:00;FreeWheel SSP;1819
12/10/2018;12/10/2018 7:00;FreeWheel SSP;2767
12/10/2018;12/10/2018 8:00;FreeWheel SSP;3189
12/10/2018;12/10/2018 9:00;FreeWheel SSP;3298
12/10/2018;12/10/2018 10:00;FreeWheel SSP;2990
12/10/2018;12/10/2018 11:00;FreeWheel SSP;4027
12/10/2018;12/10/2018 12:00;FreeWheel SSP;5138
12/10/2018;12/10/2018 13:00;FreeWheel SSP;4347
12/10/2018;12/10/2018 14:00;FreeWheel SSP;4085
12/10/2018;12/10/2018 15:00;FreeWheel SSP;3979
12/10/2018;12/10/2018 16:00;FreeWheel SSP;4422
12/10/2018;12/10/2018 17:00;FreeWheel SSP;4708
12/10/2018;12/10/2018 18:00;FreeWheel SSP;6772
12/10/2018;12/10/2018 19:00;FreeWheel SSP;6503
12/10/2018;12/10/2018 20:00;FreeWheel SSP;5807
12/10/2018;12/10/2018 21:00;FreeWheel SSP;4727
12/10/2018;12/10/2018 22:00;FreeWheel SSP;3206
12/10/2018;12/10/2018 23:00;FreeWheel SSP;1837
12/11/2018;12/11/2018 0:00;FreeWheel SSP;991
12/11/2018;12/11/2018 1:00;FreeWheel SSP;491
12/11/2018;12/11/2018 2:00;FreeWheel SSP;357
12/11/2018;12/11/2018 3:00;FreeWheel SSP;345
12/11/2018;12/11/2018 4:00;FreeWheel SSP;487
12/11/2018;12/11/2018 5:00;FreeWheel SSP;987
12/11/2018;12/11/2018 6:00;FreeWheel SSP;1364
12/11/2018;12/11/2018 7:00;FreeWheel SSP;2085
12/11/2018;12/11/2018 8:00;FreeWheel SSP;2633
12/11/2018;12/11/2018 9:00;FreeWheel SSP;3071
12/11/2018;12/11/2018 10:00;FreeWheel SSP;2476
12/11/2018;12/11/2018 11:00;FreeWheel SSP;3271
12/11/2018;12/11/2018 12:00;FreeWheel SSP;3314
12/11/2018;12/11/2018 13:00;FreeWheel SSP;2968
12/11/2018;12/11/2018 14:00;FreeWheel SSP;2497
12/11/2018;12/11/2018 15:00;FreeWheel SSP;2692
12/11/2018;12/11/2018 16:00;FreeWheel SSP;328
12/11/2018;12/11/2018 17:00;FreeWheel SSP;361
12/11/2018;12/11/2018 18:00;FreeWheel SSP;218
12/11/2018;12/11/2018 19:00;FreeWheel SSP;167
12/11/2018;12/11/2018 20:00;FreeWheel SSP;249
12/11/2018;12/11/2018 21:00;FreeWheel SSP;2432
12/11/2018;12/11/2018 22:00;FreeWheel SSP;2066
12/11/2018;12/11/2018 23:00;FreeWheel SSP;1107
12/12/2018;12/12/2018 0:00;FreeWheel SSP;556
12/12/2018;12/12/2018 1:00;FreeWheel SSP;351
12/12/2018;12/12/2018 2:00;FreeWheel SSP;283
12/12/2018;12/12/2018 3:00;FreeWheel SSP;215
12/12/2018;12/12/2018 4:00;FreeWheel SSP;311
12/12/2018;12/12/2018 5:00;FreeWheel SSP;489
12/12/2018;12/12/2018 6:00;FreeWheel SSP;81
12/12/2018;12/12/2018 7:00;FreeWheel SSP;118
12/12/2018;12/12/2018 8:00;FreeWheel SSP;160
12/12/2018;12/12/2018 9:00;FreeWheel SSP;514
12/12/2018;12/12/2018 10:00;FreeWheel SSP;1604
12/12/2018;12/12/2018 11:00;FreeWheel SSP;2065
12/12/2018;12/12/2018 12:00;FreeWheel SSP;1701
12/12/2018;12/12/2018 13:00;FreeWheel SSP;437
12/12/2018;12/12/2018 14:00;FreeWheel SSP;329
12/12/2018;12/12/2018 15:00;FreeWheel SSP;12
12/12/2018;12/12/2018 16:00;FreeWheel SSP;349
12/12/2018;12/12/2018 17:00;FreeWheel SSP;389
12/12/2018;12/12/2018 18:00;FreeWheel SSP;8
12/12/2018;12/12/2018 19:00;FreeWheel SSP;5
12/12/2018;12/12/2018 20:00;FreeWheel SSP;23
12/12/2018;12/12/2018 21:00;FreeWheel SSP;857
12/12/2018;12/12/2018 22:00;FreeWheel SSP;681
12/12/2018;12/12/2018 23:00;FreeWheel SSP;329
12/13/2018;12/13/2018 0:00;FreeWheel SSP;149
12/13/2018;12/13/2018 1:00;FreeWheel SSP;126
12/13/2018;12/13/2018 2:00;FreeWheel SSP;85
12/13/2018;12/13/2018 3:00;FreeWheel SSP;54
12/13/2018;12/13/2018 4:00;FreeWheel SSP;108
12/13/2018;12/13/2018 5:00;FreeWheel SSP;184
12/13/2018;12/13/2018 6:00;FreeWheel SSP;304
12/13/2018;12/13/2018 7:00;FreeWheel SSP;479
12/13/2018;12/13/2018 8:00;FreeWheel SSP;10
12/13/2018;12/13/2018 9:00;FreeWheel SSP;27
12/13/2018;12/13/2018 10:00;FreeWheel SSP;801
12/13/2018;12/13/2018 11:00;FreeWheel SSP;1103
12/13/2018;12/13/2018 12:00;FreeWheel SSP;1254
12/13/2018;12/13/2018 13:00;FreeWheel SSP;1106
12/13/2018;12/13/2018 14:00;FreeWheel SSP;1086
12/13/2018;12/13/2018 15:00;FreeWheel SSP;1126
12/13/2018;12/13/2018 16:00;FreeWheel SSP;1528
12/13/2018;12/13/2018 17:00;FreeWheel SSP;21
12/13/2018;12/13/2018 18:00;FreeWheel SSP;2699
12/13/2018;12/13/2018 19:00;FreeWheel SSP;34
12/13/2018;12/13/2018 20:00;FreeWheel SSP;2830
12/13/2018;12/13/2018 21:00;FreeWheel SSP;2249
12/13/2018;12/13/2018 22:00;FreeWheel SSP;1445
12/13/2018;12/13/2018 23:00;FreeWheel SSP;968
12/14/2018;12/14/2018 0:00;FreeWheel SSP;460
12/14/2018;12/14/2018 1:00;FreeWheel SSP;314
12/14/2018;12/14/2018 2:00;FreeWheel SSP;216
12/14/2018;12/14/2018 3:00;FreeWheel SSP;184
12/14/2018;12/14/2018 4:00;FreeWheel SSP;241
12/14/2018;12/14/2018 5:00;FreeWheel SSP;578
12/14/2018;12/14/2018 6:00;FreeWheel SSP;1000
12/14/2018;12/14/2018 7:00;FreeWheel SSP;1298
12/14/2018;12/14/2018 8:00;FreeWheel SSP;34
12/14/2018;12/14/2018 9:00;FreeWheel SSP;30
12/14/2018;12/14/2018 10:00;FreeWheel SSP;1832
12/14/2018;12/14/2018 11:00;FreeWheel SSP;2534
12/14/2018;12/14/2018 12:00;FreeWheel SSP;3332
12/14/2018;12/14/2018 13:00;FreeWheel SSP;2114
12/14/2018;12/14/2018 14:00;FreeWheel SSP;1900
12/14/2018;12/14/2018 15:00;FreeWheel SSP;1812
12/14/2018;12/14/2018 16:00;FreeWheel SSP;1906
12/14/2018;12/14/2018 17:00;FreeWheel SSP;1991
12/14/2018;12/14/2018 18:00;FreeWheel SSP;2683
12/14/2018;12/14/2018 19:00;FreeWheel SSP;2875
12/14/2018;12/14/2018 20:00;FreeWheel SSP;2566
12/14/2018;12/14/2018 21:00;FreeWheel SSP;2089
12/14/2018;12/14/2018 22:00;FreeWheel SSP;1475
12/14/2018;12/14/2018 23:00;FreeWheel SSP;983
12/15/2018;12/15/2018 0:00;FreeWheel SSP;606
12/15/2018;12/15/2018 1:00;FreeWheel SSP;363
12/15/2018;12/15/2018 2:00;FreeWheel SSP;272
12/15/2018;12/15/2018 3:00;FreeWheel SSP;210
12/15/2018;12/15/2018 4:00;FreeWheel SSP;214
12/15/2018;12/15/2018 5:00;FreeWheel SSP;314
12/15/2018;12/15/2018 6:00;FreeWheel SSP;601
12/15/2018;12/15/2018 7:00;FreeWheel SSP;1163
12/15/2018;12/15/2018 8:00;FreeWheel SSP;1557
12/15/2018;12/15/2018 9:00;FreeWheel SSP;1518
12/15/2018;12/15/2018 10:00;FreeWheel SSP;1495
12/15/2018;12/15/2018 11:00;FreeWheel SSP;2229
12/15/2018;12/15/2018 12:00;FreeWheel SSP;2736
12/15/2018;12/15/2018 13:00;FreeWheel SSP;2449
12/15/2018;12/15/2018 14:00;FreeWheel SSP;2128
12/15/2018;12/15/2018 15:00;FreeWheel SSP;2209
12/15/2018;12/15/2018 16:00;FreeWheel SSP;2367
12/15/2018;12/15/2018 17:00;FreeWheel SSP;2200
12/15/2018;12/15/2018 18:00;FreeWheel SSP;2721
12/15/2018;12/15/2018 19:00;FreeWheel SSP;2506
12/15/2018;12/15/2018 20:00;FreeWheel SSP;2351
12/15/2018;12/15/2018 21:00;FreeWheel SSP;2376
12/15/2018;12/15/2018 22:00;FreeWheel SSP;1614
12/15/2018;12/15/2018 23:00;FreeWheel SSP;1064
12/16/2018;12/16/2018 0:00;FreeWheel SSP;568
12/16/2018;12/16/2018 1:00;FreeWheel SSP;321
12/16/2018;12/16/2018 2:00;FreeWheel SSP;241
12/16/2018;12/16/2018 3:00;FreeWheel SSP;220
12/16/2018;12/16/2018 4:00;FreeWheel SSP;213
12/16/2018;12/16/2018 5:00;FreeWheel SSP;276
12/16/2018;12/16/2018 6:00;FreeWheel SSP;383
12/16/2018;12/16/2018 7:00;FreeWheel SSP;670
12/16/2018;12/16/2018 8:00;FreeWheel SSP;989
12/16/2018;12/16/2018 9:00;FreeWheel SSP;1002
12/16/2018;12/16/2018 10:00;FreeWheel SSP;928
12/16/2018;12/16/2018 11:00;FreeWheel SSP;1069
12/16/2018;12/16/2018 12:00;FreeWheel SSP;1135
12/16/2018;12/16/2018 13:00;FreeWheel SSP;1208
12/16/2018;12/16/2018 14:00;FreeWheel SSP;830
12/16/2018;12/16/2018 15:00;FreeWheel SSP;769
12/16/2018;12/16/2018 16:00;FreeWheel SSP;649
12/16/2018;12/16/2018 17:00;FreeWheel SSP;630
12/16/2018;12/16/2018 18:00;FreeWheel SSP;638
12/16/2018;12/16/2018 19:00;FreeWheel SSP;440
12/16/2018;12/16/2018 20:00;FreeWheel SSP;188
12/16/2018;12/16/2018 21:00;FreeWheel SSP;103
12/16/2018;12/16/2018 22:00;FreeWheel SSP;6
12/16/2018;12/16/2018 23:00;FreeWheel SSP;754
12/17/2018;12/17/2018 0:00;FreeWheel SSP;349
12/17/2018;12/17/2018 1:00;FreeWheel SSP;213
12/17/2018;12/17/2018 2:00;FreeWheel SSP;201
12/17/2018;12/17/2018 3:00;FreeWheel SSP;107
12/17/2018;12/17/2018 4:00;FreeWheel SSP;149
12/17/2018;12/17/2018 5:00;FreeWheel SSP;298
12/17/2018;12/17/2018 6:00;FreeWheel SSP;534
12/17/2018;12/17/2018 7:00;FreeWheel SSP;1004
12/17/2018;12/17/2018 8:00;FreeWheel SSP;1877
12/17/2018;12/17/2018 9:00;FreeWheel SSP;1872
12/17/2018;12/17/2018 10:00;FreeWheel SSP;1675
12/17/2018;12/17/2018 11:00;FreeWheel SSP;383
12/17/2018;12/17/2018 12:00;FreeWheel SSP;1868
12/17/2018;12/17/2018 13:00;FreeWheel SSP;1211
12/17/2018;12/17/2018 14:00;FreeWheel SSP;1375
12/17/2018;12/17/2018 15:00;FreeWheel SSP;1331
12/17/2018;12/17/2018 16:00;FreeWheel SSP;1338
12/17/2018;12/17/2018 17:00;FreeWheel SSP;1654
12/17/2018;12/17/2018 18:00;FreeWheel SSP;3115
12/17/2018;12/17/2018 19:00;FreeWheel SSP;3037
12/17/2018;12/17/2018 20:00;FreeWheel SSP;94
12/17/2018;12/17/2018 21:00;FreeWheel SSP;29
12/17/2018;12/17/2018 22:00;FreeWheel SSP;1559
12/17/2018;12/17/2018 23:00;FreeWheel SSP;629
12/18/2018;12/18/2018 0:00;FreeWheel SSP;371
12/18/2018;12/18/2018 1:00;FreeWheel SSP;227
12/18/2018;12/18/2018 2:00;FreeWheel SSP;196
12/18/2018;12/18/2018 3:00;FreeWheel SSP;183
12/18/2018;12/18/2018 4:00;FreeWheel SSP;275
12/18/2018;12/18/2018 5:00;FreeWheel SSP;500
12/18/2018;12/18/2018 6:00;FreeWheel SSP;920
12/18/2018;12/18/2018 7:00;FreeWheel SSP;1175
12/18/2018;12/18/2018 8:00;FreeWheel SSP;1507
12/18/2018;12/18/2018 9:00;FreeWheel SSP;1584
12/18/2018;12/18/2018 10:00;FreeWheel SSP;149
12/18/2018;12/18/2018 11:00;FreeWheel SSP;1377
12/18/2018;12/18/2018 12:00;FreeWheel SSP;1830
12/18/2018;12/18/2018 13:00;FreeWheel SSP;1305
12/18/2018;12/18/2018 14:00;FreeWheel SSP;504
12/18/2018;12/18/2018 15:00;FreeWheel SSP;1369
12/18/2018;12/18/2018 16:00;FreeWheel SSP;1708
12/18/2018;12/18/2018 17:00;FreeWheel SSP;3037
12/18/2018;12/18/2018 18:00;FreeWheel SSP;3802
12/18/2018;12/18/2018 19:00;FreeWheel SSP;6877
12/18/2018;12/18/2018 20:00;FreeWheel SSP;6355
12/18/2018;12/18/2018 21:00;FreeWheel SSP;4844
12/18/2018;12/18/2018 22:00;FreeWheel SSP;3571
12/18/2018;12/18/2018 23:00;FreeWheel SSP;1746
12/19/2018;12/19/2018 0:00;FreeWheel SSP;880
12/19/2018;12/19/2018 1:00;FreeWheel SSP;536
12/19/2018;12/19/2018 2:00;FreeWheel SSP;353
12/19/2018;12/19/2018 3:00;FreeWheel SSP;384
12/19/2018;12/19/2018 4:00;FreeWheel SSP;556
12/19/2018;12/19/2018 5:00;FreeWheel SSP;1129
12/19/2018;12/19/2018 6:00;FreeWheel SSP;1786
12/19/2018;12/19/2018 7:00;FreeWheel SSP;2554
12/19/2018;12/19/2018 8:00;FreeWheel SSP;3309
12/19/2018;12/19/2018 9:00;FreeWheel SSP;2808
12/19/2018;12/19/2018 10:00;FreeWheel SSP;2856
12/19/2018;12/19/2018 11:00;FreeWheel SSP;3205
12/19/2018;12/19/2018 12:00;FreeWheel SSP;3156
12/19/2018;12/19/2018 13:00;FreeWheel SSP;2522
12/19/2018;12/19/2018 14:00;FreeWheel SSP;2649
12/19/2018;12/19/2018 15:00;FreeWheel SSP;2421
12/19/2018;12/19/2018 16:00;FreeWheel SSP;2928
12/19/2018;12/19/2018 17:00;FreeWheel SSP;3022
12/19/2018;12/19/2018 18:00;FreeWheel SSP;4768
12/19/2018;12/19/2018 19:00;FreeWheel SSP;4268
12/19/2018;12/19/2018 20:00;FreeWheel SSP;3750
12/19/2018;12/19/2018 21:00;FreeWheel SSP;2883
12/19/2018;12/19/2018 22:00;FreeWheel SSP;1992
12/19/2018;12/19/2018 23:00;FreeWheel SSP;864
12/20/2018;12/20/2018 0:00;FreeWheel SSP;499
12/20/2018;12/20/2018 1:00;FreeWheel SSP;279
12/20/2018;12/20/2018 2:00;FreeWheel SSP;232
12/20/2018;12/20/2018 3:00;FreeWheel SSP;231
12/20/2018;12/20/2018 4:00;FreeWheel SSP;288
12/20/2018;12/20/2018 5:00;FreeWheel SSP;582
12/20/2018;12/20/2018 6:00;FreeWheel SSP;899
12/20/2018;12/20/2018 7:00;FreeWheel SSP;1268
12/20/2018;12/20/2018 8:00;FreeWheel SSP;1811
12/20/2018;12/20/2018 9:00;FreeWheel SSP;1780
12/20/2018;12/20/2018 10:00;FreeWheel SSP;1745
12/20/2018;12/20/2018 11:00;FreeWheel SSP;1884
12/20/2018;12/20/2018 12:00;FreeWheel SSP;547
12/20/2018;12/20/2018 13:00;FreeWheel SSP;413
12/20/2018;12/20/2018 14:00;FreeWheel SSP;377
12/20/2018;12/20/2018 15:00;FreeWheel SSP;355
12/20/2018;12/20/2018 16:00;FreeWheel SSP;97
12/20/2018;12/20/2018 17:00;FreeWheel SSP;12
12/20/2018;12/20/2018 18:00;FreeWheel SSP;7
12/20/2018;12/20/2018 19:00;FreeWheel SSP;3
12/20/2018;12/20/2018 20:00;FreeWheel SSP;11
12/20/2018;12/20/2018 21:00;FreeWheel SSP;13
12/20/2018;12/20/2018 22:00;FreeWheel SSP;66
12/20/2018;12/20/2018 23:00;FreeWheel SSP;293
12/21/2018;12/21/2018 0:00;FreeWheel SSP;218
12/21/2018;12/21/2018 1:00;FreeWheel SSP;99
12/21/2018;12/21/2018 2:00;FreeWheel SSP;79
12/21/2018;12/21/2018 3:00;FreeWheel SSP;91
12/21/2018;12/21/2018 4:00;FreeWheel SSP;96
12/21/2018;12/21/2018 5:00;FreeWheel SSP;162
12/21/2018;12/21/2018 6:00;FreeWheel SSP;263
12/21/2018;12/21/2018 7:00;FreeWheel SSP;372
12/21/2018;12/21/2018 8:00;FreeWheel SSP;434
12/21/2018;12/21/2018 9:00;FreeWheel SSP;4
12/21/2018;12/21/2018 10:00;FreeWheel SSP;10
12/21/2018;12/21/2018 11:00;FreeWheel SSP;9
12/21/2018;12/21/2018 12:00;FreeWheel SSP;45
12/21/2018;12/21/2018 13:00;FreeWheel SSP;745
12/21/2018;12/21/2018 14:00;FreeWheel SSP;804
12/21/2018;12/21/2018 15:00;FreeWheel SSP;735
12/21/2018;12/21/2018 16:00;FreeWheel SSP;839
12/21/2018;12/21/2018 17:00;FreeWheel SSP;893
12/21/2018;12/21/2018 18:00;FreeWheel SSP;1220
12/21/2018;12/21/2018 19:00;FreeWheel SSP;1238
12/21/2018;12/21/2018 20:00;FreeWheel SSP;127
12/21/2018;12/21/2018 21:00;FreeWheel SSP;119
12/21/2018;12/21/2018 22:00;FreeWheel SSP;978
12/21/2018;12/21/2018 23:00;FreeWheel SSP;542
12/22/2018;12/22/2018 0:00;FreeWheel SSP;393
12/22/2018;12/22/2018 1:00;FreeWheel SSP;222
12/22/2018;12/22/2018 2:00;FreeWheel SSP;153
12/22/2018;12/22/2018 3:00;FreeWheel SSP;106
12/22/2018;12/22/2018 4:00;FreeWheel SSP;132
12/22/2018;12/22/2018 5:00;FreeWheel SSP;179
12/22/2018;12/22/2018 6:00;FreeWheel SSP;284
12/22/2018;12/22/2018 7:00;FreeWheel SSP;419
12/22/2018;12/22/2018 8:00;FreeWheel SSP;488
12/22/2018;12/22/2018 9:00;FreeWheel SSP;11
12/22/2018;12/22/2018 10:00;FreeWheel SSP;10
12/22/2018;12/22/2018 11:00;FreeWheel SSP;3
12/22/2018;12/22/2018 12:00;FreeWheel SSP;7
12/22/2018;12/22/2018 13:00;FreeWheel SSP;398
12/22/2018;12/22/2018 14:00;FreeWheel SSP;370
12/22/2018;12/22/2018 15:00;FreeWheel SSP;335
12/22/2018;12/22/2018 16:00;FreeWheel SSP;344
12/22/2018;12/22/2018 17:00;FreeWheel SSP;300
12/22/2018;12/22/2018 18:00;FreeWheel SSP;412
12/22/2018;12/22/2018 19:00;FreeWheel SSP;484
12/22/2018;12/22/2018 20:00;FreeWheel SSP;9
12/22/2018;12/22/2018 21:00;FreeWheel SSP;5
12/22/2018;12/22/2018 22:00;FreeWheel SSP;21
12/22/2018;12/22/2018 23:00;FreeWheel SSP;246
12/23/2018;12/23/2018 0:00;FreeWheel SSP;150
12/23/2018;12/23/2018 1:00;FreeWheel SSP;74
12/23/2018;12/23/2018 2:00;FreeWheel SSP;26
12/23/2018;12/23/2018 3:00;FreeWheel SSP;15
12/23/2018;12/23/2018 7:00;FreeWheel SSP;2
12/23/2018;12/23/2018 8:00;FreeWheel SSP;2
12/23/2018;12/23/2018 9:00;FreeWheel SSP;5
12/23/2018;12/23/2018 13:00;FreeWheel SSP;1
12/23/2018;12/23/2018 17:00;FreeWheel SSP;2
12/23/2018;12/23/2018 19:00;FreeWheel SSP;1
12/23/2018;12/23/2018 21:00;FreeWheel SSP;1
12/23/2018;12/23/2018 23:00;FreeWheel SSP;1545
12/24/2018;12/24/2018 0:00;FreeWheel SSP;789
12/24/2018;12/24/2018 1:00;FreeWheel SSP;417
12/24/2018;12/24/2018 2:00;FreeWheel SSP;275
12/24/2018;12/24/2018 3:00;FreeWheel SSP;264
12/24/2018;12/24/2018 4:00;FreeWheel SSP;365
12/24/2018;12/24/2018 5:00;FreeWheel SSP;595
12/24/2018;12/24/2018 6:00;FreeWheel SSP;1046
12/24/2018;12/24/2018 7:00;FreeWheel SSP;1680
12/24/2018;12/24/2018 8:00;FreeWheel SSP;21
12/24/2018;12/24/2018 9:00;FreeWheel SSP;185
12/24/2018;12/24/2018 10:00;FreeWheel SSP;169
12/24/2018;12/24/2018 11:00;FreeWheel SSP;220
12/24/2018;12/24/2018 12:00;FreeWheel SSP;255
12/24/2018;12/24/2018 13:00;FreeWheel SSP;197
12/24/2018;12/24/2018 14:00;FreeWheel SSP;182
12/24/2018;12/24/2018 15:00;FreeWheel SSP;178
12/24/2018;12/24/2018 16:00;FreeWheel SSP;180
12/24/2018;12/24/2018 17:00;FreeWheel SSP;151
12/24/2018;12/24/2018 18:00;FreeWheel SSP;451
12/24/2018;12/24/2018 19:00;FreeWheel SSP;333
12/24/2018;12/24/2018 20:00;FreeWheel SSP;123
12/24/2018;12/24/2018 21:00;FreeWheel SSP;229
12/24/2018;12/24/2018 22:00;FreeWheel SSP;168
12/24/2018;12/24/2018 23:00;FreeWheel SSP;86
12/25/2018;12/25/2018 0:00;FreeWheel SSP;76
12/25/2018;12/25/2018 1:00;FreeWheel SSP;583
12/25/2018;12/25/2018 2:00;FreeWheel SSP;386
12/25/2018;12/25/2018 3:00;FreeWheel SSP;264
12/25/2018;12/25/2018 4:00;FreeWheel SSP;184
12/25/2018;12/25/2018 5:00;FreeWheel SSP;219
12/25/2018;12/25/2018 6:00;FreeWheel SSP;32
12/25/2018;12/25/2018 7:00;FreeWheel SSP;64
12/25/2018;12/25/2018 8:00;FreeWheel SSP;88
12/25/2018;12/25/2018 9:00;FreeWheel SSP;111
12/25/2018;12/25/2018 10:00;FreeWheel SSP;135
12/25/2018;12/25/2018 11:00;FreeWheel SSP;116
12/25/2018;12/25/2018 12:00;FreeWheel SSP;100
12/25/2018;12/25/2018 13:00;FreeWheel SSP;84
12/25/2018;12/25/2018 14:00;FreeWheel SSP;139
12/25/2018;12/25/2018 15:00;FreeWheel SSP;102
12/25/2018;12/25/2018 16:00;FreeWheel SSP;140
12/25/2018;12/25/2018 17:00;FreeWheel SSP;155
12/25/2018;12/25/2018 18:00;FreeWheel SSP;266
12/25/2018;12/25/2018 19:00;FreeWheel SSP;231
12/25/2018;12/25/2018 20:00;FreeWheel SSP;200
12/25/2018;12/25/2018 21:00;FreeWheel SSP;171
12/25/2018;12/25/2018 22:00;FreeWheel SSP;101
12/25/2018;12/25/2018 23:00;FreeWheel SSP;76
12/26/2018;12/26/2018 0:00;FreeWheel SSP;48
12/26/2018;12/26/2018 1:00;FreeWheel SSP;261
12/26/2018;12/26/2018 2:00;FreeWheel SSP;185
12/26/2018;12/26/2018 3:00;FreeWheel SSP;179
12/26/2018;12/26/2018 4:00;FreeWheel SSP;154
12/26/2018;12/26/2018 5:00;FreeWheel SSP;236
12/26/2018;12/26/2018 6:00;FreeWheel SSP;78
12/26/2018;12/26/2018 7:00;FreeWheel SSP;126
12/26/2018;12/26/2018 8:00;FreeWheel SSP;94
12/26/2018;12/26/2018 9:00;FreeWheel SSP;123
12/26/2018;12/26/2018 10:00;FreeWheel SSP;105
12/26/2018;12/26/2018 11:00;FreeWheel SSP;135
12/26/2018;12/26/2018 12:00;FreeWheel SSP;178
12/26/2018;12/26/2018 13:00;FreeWheel SSP;146
12/26/2018;12/26/2018 14:00;FreeWheel SSP;132
12/26/2018;12/26/2018 15:00;FreeWheel SSP;178
12/26/2018;12/26/2018 16:00;FreeWheel SSP;168
12/26/2018;12/26/2018 17:00;FreeWheel SSP;171
12/26/2018;12/26/2018 18:00;FreeWheel SSP;238
12/26/2018;12/26/2018 19:00;FreeWheel SSP;286
12/26/2018;12/26/2018 20:00;FreeWheel SSP;291
12/26/2018;12/26/2018 21:00;FreeWheel SSP;295
12/26/2018;12/26/2018 22:00;FreeWheel SSP;163
12/26/2018;12/26/2018 23:00;FreeWheel SSP;114
12/27/2018;12/27/2018 0:00;FreeWheel SSP;121
12/27/2018;12/27/2018 1:00;FreeWheel SSP;332
12/27/2018;12/27/2018 2:00;FreeWheel SSP;228
12/27/2018;12/27/2018 3:00;FreeWheel SSP;185
12/27/2018;12/27/2018 4:00;FreeWheel SSP;199
12/27/2018;12/27/2018 5:00;FreeWheel SSP;325
12/27/2018;12/27/2018 6:00;FreeWheel SSP;139
12/27/2018;12/27/2018 7:00;FreeWheel SSP;77
12/27/2018;12/27/2018 8:00;FreeWheel SSP;110
12/27/2018;12/27/2018 9:00;FreeWheel SSP;137
12/27/2018;12/27/2018 10:00;FreeWheel SSP;165
12/27/2018;12/27/2018 11:00;FreeWheel SSP;209
12/27/2018;12/27/2018 12:00;FreeWheel SSP;190
12/27/2018;12/27/2018 13:00;FreeWheel SSP;146
12/27/2018;12/27/2018 14:00;FreeWheel SSP;137
12/27/2018;12/27/2018 15:00;FreeWheel SSP;159
12/27/2018;12/27/2018 16:00;FreeWheel SSP;212
12/27/2018;12/27/2018 17:00;FreeWheel SSP;228
12/27/2018;12/27/2018 18:00;FreeWheel SSP;327
12/27/2018;12/27/2018 19:00;FreeWheel SSP;313
12/27/2018;12/27/2018 20:00;FreeWheel SSP;285
12/27/2018;12/27/2018 21:00;FreeWheel SSP;252
12/27/2018;12/27/2018 22:00;FreeWheel SSP;191
12/27/2018;12/27/2018 23:00;FreeWheel SSP;105
12/28/2018;12/28/2018 0:00;FreeWheel SSP;39
12/28/2018;12/28/2018 1:00;FreeWheel SSP;412
12/28/2018;12/28/2018 2:00;FreeWheel SSP;283
12/28/2018;12/28/2018 3:00;FreeWheel SSP;239
12/28/2018;12/28/2018 4:00;FreeWheel SSP;262
12/28/2018;12/28/2018 5:00;FreeWheel SSP;441
12/28/2018;12/28/2018 6:00;FreeWheel SSP;82
12/28/2018;12/28/2018 7:00;FreeWheel SSP;83
12/28/2018;12/28/2018 8:00;FreeWheel SSP;130
12/28/2018;12/28/2018 9:00;FreeWheel SSP;172
12/28/2018;12/28/2018 10:00;FreeWheel SSP;204
12/28/2018;12/28/2018 11:00;FreeWheel SSP;190
12/28/2018;12/28/2018 12:00;FreeWheel SSP;199
12/28/2018;12/28/2018 13:00;FreeWheel SSP;150
12/28/2018;12/28/2018 14:00;FreeWheel SSP;151
12/28/2018;12/28/2018 15:00;FreeWheel SSP;151
12/28/2018;12/28/2018 16:00;FreeWheel SSP;177
12/28/2018;12/28/2018 17:00;FreeWheel SSP;193
12/28/2018;12/28/2018 18:00;FreeWheel SSP;289
12/28/2018;12/28/2018 19:00;FreeWheel SSP;263
12/28/2018;12/28/2018 20:00;FreeWheel SSP;222
12/28/2018;12/28/2018 21:00;FreeWheel SSP;217
12/28/2018;12/28/2018 22:00;FreeWheel SSP;144
12/28/2018;12/28/2018 23:00;FreeWheel SSP;85
12/29/2018;12/29/2018 0:00;FreeWheel SSP;50
12/29/2018;12/29/2018 1:00;FreeWheel SSP;357
12/29/2018;12/29/2018 2:00;FreeWheel SSP;232
12/29/2018;12/29/2018 3:00;FreeWheel SSP;200
12/29/2018;12/29/2018 4:00;FreeWheel SSP;204
12/29/2018;12/29/2018 5:00;FreeWheel SSP;261
12/29/2018;12/29/2018 6:00;FreeWheel SSP;29
12/29/2018;12/29/2018 7:00;FreeWheel SSP;70
12/29/2018;12/29/2018 8:00;FreeWheel SSP;90
12/29/2018;12/29/2018 9:00;FreeWheel SSP;102
12/29/2018;12/29/2018 10:00;FreeWheel SSP;117
12/29/2018;12/29/2018 11:00;FreeWheel SSP;99
12/29/2018;12/29/2018 12:00;FreeWheel SSP;118
12/29/2018;12/29/2018 13:00;FreeWheel SSP;91
12/29/2018;12/29/2018 14:00;FreeWheel SSP;69
12/29/2018;12/29/2018 15:00;FreeWheel SSP;97
12/29/2018;12/29/2018 16:00;FreeWheel SSP;106
12/29/2018;12/29/2018 17:00;FreeWheel SSP;114
12/29/2018;12/29/2018 18:00;FreeWheel SSP;165
12/29/2018;12/29/2018 19:00;FreeWheel SSP;141
12/29/2018;12/29/2018 20:00;FreeWheel SSP;119
12/29/2018;12/29/2018 21:00;FreeWheel SSP;89
12/29/2018;12/29/2018 22:00;FreeWheel SSP;82
12/29/2018;12/29/2018 23:00;FreeWheel SSP;51
12/30/2018;12/30/2018 0:00;FreeWheel SSP;27
12/30/2018;12/30/2018 1:00;FreeWheel SSP;177
12/30/2018;12/30/2018 2:00;FreeWheel SSP;122
12/30/2018;12/30/2018 3:00;FreeWheel SSP;80
12/30/2018;12/30/2018 4:00;FreeWheel SSP;63
12/30/2018;12/30/2018 5:00;FreeWheel SSP;48
12/30/2018;12/30/2018 6:00;FreeWheel SSP;17
12/30/2018;12/30/2018 7:00;FreeWheel SSP;14
12/30/2018;12/30/2018 8:00;FreeWheel SSP;6
12/30/2018;12/30/2018 9:00;FreeWheel SSP;2
12/30/2018;12/30/2018 11:00;FreeWheel SSP;1
12/30/2018;12/30/2018 14:00;FreeWheel SSP;3
12/30/2018;12/30/2018 15:00;FreeWheel SSP;2
12/30/2018;12/30/2018 16:00;FreeWheel SSP;3
12/30/2018;12/30/2018 17:00;FreeWheel SSP;2
12/30/2018;12/30/2018 18:00;FreeWheel SSP;6
12/30/2018;12/30/2018 19:00;FreeWheel SSP;21
12/30/2018;12/30/2018 20:00;FreeWheel SSP;24
12/30/2018;12/30/2018 21:00;FreeWheel SSP;15
12/30/2018;12/30/2018 22:00;FreeWheel SSP;4
12/30/2018;12/30/2018 23:00;FreeWheel SSP;158
12/31/2018;12/31/2018 0:00;FreeWheel SSP;115
12/31/2018;12/31/2018 1:00;FreeWheel SSP;260
12/31/2018;12/31/2018 2:00;FreeWheel SSP;181
12/31/2018;12/31/2018 3:00;FreeWheel SSP;120
12/31/2018;12/31/2018 4:00;FreeWheel SSP;127
12/31/2018;12/31/2018 5:00;FreeWheel SSP;174
12/31/2018;12/31/2018 6:00;FreeWheel SSP;47
12/31/2018;12/31/2018 7:00;FreeWheel SSP;88
12/31/2018;12/31/2018 8:00;FreeWheel SSP;106
12/31/2018;12/31/2018 9:00;FreeWheel SSP;107
12/31/2018;12/31/2018 10:00;FreeWheel SSP;132
12/31/2018;12/31/2018 11:00;FreeWheel SSP;104
12/31/2018;12/31/2018 12:00;FreeWheel SSP;68
12/31/2018;12/31/2018 13:00;FreeWheel SSP;56
12/31/2018;12/31/2018 14:00;FreeWheel SSP;39
12/31/2018;12/31/2018 15:00;FreeWheel SSP;12
12/31/2018;12/31/2018 16:00;FreeWheel SSP;2
12/31/2018;12/31/2018 21:00;FreeWheel SSP;1
12/31/2018;12/31/2018 22:00;FreeWheel SSP;2
12/31/2018;12/31/2018 23:00;FreeWheel SSP;89
1/1/2019;1/1/2019 0:00;FreeWheel SSP;222
1/1/2019;1/1/2019 1:00;FreeWheel SSP;677
1/1/2019;1/1/2019 2:00;FreeWheel SSP;529
1/1/2019;1/1/2019 3:00;FreeWheel SSP;366
1/1/2019;1/1/2019 4:00;FreeWheel SSP;263
1/1/2019;1/1/2019 5:00;FreeWheel SSP;245
1/1/2019;1/1/2019 6:00;FreeWheel SSP;78
1/1/2019;1/1/2019 7:00;FreeWheel SSP;140
1/1/2019;1/1/2019 8:00;FreeWheel SSP;292
1/1/2019;1/1/2019 9:00;FreeWheel SSP;431
1/1/2019;1/1/2019 10:00;FreeWheel SSP;470
1/1/2019;1/1/2019 11:00;FreeWheel SSP;532
1/1/2019;1/1/2019 12:00;FreeWheel SSP;571
1/1/2019;1/1/2019 13:00;FreeWheel SSP;537
1/1/2019;1/1/2019 14:00;FreeWheel SSP;514
1/1/2019;1/1/2019 15:00;FreeWheel SSP;583
1/1/2019;1/1/2019 16:00;FreeWheel SSP;750
1/1/2019;1/1/2019 17:00;FreeWheel SSP;327
1/1/2019;1/1/2019 18:00;FreeWheel SSP;1411
1/1/2019;1/1/2019 19:00;FreeWheel SSP;1257
1/1/2019;1/1/2019 20:00;FreeWheel SSP;1113
1/1/2019;1/1/2019 21:00;FreeWheel SSP;886
1/1/2019;1/1/2019 22:00;FreeWheel SSP;740
1/1/2019;1/1/2019 23:00;FreeWheel SSP;161
1/2/2019;1/2/2019 0:00;FreeWheel SSP;100
1/2/2019;1/2/2019 1:00;FreeWheel SSP;4
1/2/2019;1/2/2019 2:00;FreeWheel SSP;368
1/2/2019;1/2/2019 3:00;FreeWheel SSP;339
1/2/2019;1/2/2019 4:00;FreeWheel SSP;433
1/2/2019;1/2/2019 5:00;FreeWheel SSP;641
1/2/2019;1/2/2019 6:00;FreeWheel SSP;242
1/2/2019;1/2/2019 7:00;FreeWheel SSP;391
1/2/2019;1/2/2019 8:00;FreeWheel SSP;234
1/2/2019;1/2/2019 9:00;FreeWheel SSP;299
1/2/2019;1/2/2019 10:00;FreeWheel SSP;273
1/2/2019;1/2/2019 11:00;FreeWheel SSP;310
1/2/2019;1/2/2019 12:00;FreeWheel SSP;342
1/2/2019;1/2/2019 13:00;FreeWheel SSP;311
1/2/2019;1/2/2019 14:00;FreeWheel SSP;268
1/2/2019;1/2/2019 15:00;FreeWheel SSP;303
1/2/2019;1/2/2019 16:00;FreeWheel SSP;336
1/2/2019;1/2/2019 17:00;FreeWheel SSP;391
1/2/2019;1/2/2019 18:00;FreeWheel SSP;545
1/2/2019;1/2/2019 19:00;FreeWheel SSP;553
1/2/2019;1/2/2019 20:00;FreeWheel SSP;500
1/2/2019;1/2/2019 21:00;FreeWheel SSP;409
1/2/2019;1/2/2019 22:00;FreeWheel SSP;311
1/2/2019;1/2/2019 23:00;FreeWheel SSP;178
1/3/2019;1/3/2019 0:00;FreeWheel SSP;82
1/3/2019;1/3/2019 1:00;FreeWheel SSP;11
1/3/2019;1/3/2019 2:00;FreeWheel SSP;355
1/3/2019;1/3/2019 3:00;FreeWheel SSP;304
1/3/2019;1/3/2019 4:00;FreeWheel SSP;355
1/3/2019;1/3/2019 5:00;FreeWheel SSP;574
1/3/2019;1/3/2019 6:00;FreeWheel SSP;92
1/3/2019;1/3/2019 7:00;FreeWheel SSP;143
1/3/2019;1/3/2019 8:00;FreeWheel SSP;177
1/3/2019;1/3/2019 9:00;FreeWheel SSP;228
1/3/2019;1/3/2019 10:00;FreeWheel SSP;270
1/3/2019;1/3/2019 11:00;FreeWheel SSP;309
1/3/2019;1/3/2019 12:00;FreeWheel SSP;278
1/3/2019;1/3/2019 13:00;FreeWheel SSP;275
1/3/2019;1/3/2019 14:00;FreeWheel SSP;288
1/3/2019;1/3/2019 15:00;FreeWheel SSP;279
1/3/2019;1/3/2019 16:00;FreeWheel SSP;357
1/3/2019;1/3/2019 17:00;FreeWheel SSP;354
1/3/2019;1/3/2019 18:00;FreeWheel SSP;443
1/3/2019;1/3/2019 19:00;FreeWheel SSP;539
1/3/2019;1/3/2019 20:00;FreeWheel SSP;492
1/3/2019;1/3/2019 21:00;FreeWheel SSP;417
1/3/2019;1/3/2019 22:00;FreeWheel SSP;310
1/3/2019;1/3/2019 23:00;FreeWheel SSP;159
1/4/2019;1/4/2019 0:00;FreeWheel SSP;88
1/4/2019;1/4/2019 1:00;FreeWheel SSP;720
1/4/2019;1/4/2019 2:00;FreeWheel SSP;439
1/4/2019;1/4/2019 3:00;FreeWheel SSP;400
1/4/2019;1/4/2019 4:00;FreeWheel SSP;462
1/4/2019;1/4/2019 5:00;FreeWheel SSP;719
1/4/2019;1/4/2019 6:00;FreeWheel SSP;108
1/4/2019;1/4/2019 7:00;FreeWheel SSP;180
1/4/2019;1/4/2019 8:00;FreeWheel SSP;254
1/4/2019;1/4/2019 9:00;FreeWheel SSP;119
1/4/2019;1/4/2019 10:00;FreeWheel SSP;137
1/4/2019;1/4/2019 11:00;FreeWheel SSP;91
1/4/2019;1/4/2019 12:00;FreeWheel SSP;40
1/4/2019;1/4/2019 14:00;FreeWheel SSP;86
1/4/2019;1/4/2019 15:00;FreeWheel SSP;116
1/4/2019;1/4/2019 16:00;FreeWheel SSP;304
1/4/2019;1/4/2019 17:00;FreeWheel SSP;338
1/4/2019;1/4/2019 18:00;FreeWheel SSP;433
1/4/2019;1/4/2019 19:00;FreeWheel SSP;379
1/4/2019;1/4/2019 20:00;FreeWheel SSP;345
1/4/2019;1/4/2019 21:00;FreeWheel SSP;351
1/4/2019;1/4/2019 22:00;FreeWheel SSP;265
1/4/2019;1/4/2019 23:00;FreeWheel SSP;131
1/5/2019;1/5/2019 0:00;FreeWheel SSP;93
1/5/2019;1/5/2019 1:00;FreeWheel SSP;636
1/5/2019;1/5/2019 2:00;FreeWheel SSP;402
1/5/2019;1/5/2019 3:00;FreeWheel SSP;312
1/5/2019;1/5/2019 4:00;FreeWheel SSP;327
1/5/2019;1/5/2019 5:00;FreeWheel SSP;401
1/5/2019;1/5/2019 6:00;FreeWheel SSP;59
1/5/2019;1/5/2019 7:00;FreeWheel SSP;105
1/5/2019;1/5/2019 8:00;FreeWheel SSP;134
1/5/2019;1/5/2019 9:00;FreeWheel SSP;135
1/5/2019;1/5/2019 10:00;FreeWheel SSP;161
1/5/2019;1/5/2019 11:00;FreeWheel SSP;143
1/5/2019;1/5/2019 12:00;FreeWheel SSP;180
1/5/2019;1/5/2019 13:00;FreeWheel SSP;174
1/5/2019;1/5/2019 14:00;FreeWheel SSP;170
1/5/2019;1/5/2019 15:00;FreeWheel SSP;148
1/5/2019;1/5/2019 16:00;FreeWheel SSP;171
1/5/2019;1/5/2019 17:00;FreeWheel SSP;186
1/5/2019;1/5/2019 18:00;FreeWheel SSP;246
1/5/2019;1/5/2019 19:00;FreeWheel SSP;255
1/5/2019;1/5/2019 20:00;FreeWheel SSP;280
1/5/2019;1/5/2019 21:00;FreeWheel SSP;203
1/5/2019;1/5/2019 22:00;FreeWheel SSP;151
1/5/2019;1/5/2019 23:00;FreeWheel SSP;100
